user_id,group
1,A
2,A
3,B
4,A
5,A
6,A
7,A
8,B
9,A
10,B
11,A
12,A
13,A
14,B
15,A
16,A
17,A
18,A
19,A
20,B
21,A
22,B
23,B
24,B
25,A
26,B
27,A
28,B
29,A
30,A
31,A
32,A
33,A
34,B
35,A
36,B
37,A
38,A
39,A
40,A
41,A
42,A
43,A
44,A
45,A
46,B
47,B
48,B
49,A
50,B
51,A
52,A
53,A
54,B
55,B
56,A
57,A
58,B
59,B
60,B
61,B
62,B
63,B
64,B
65,B
66,B
67,A
68,A
69,A
70,A
71,B
72,A
73,A
74,A
75,B
76,B
77,B
78,A
79,A
80,A
81,A
82,B
83,B
84,A
85,A
86,B
87,A
88,B
89,B
90,B
91,A
92,B
93,A
94,A
95,B
96,A
97,A
98,B
99,A
100,A
101,A
102,A
103,A
104,A
105,A
106,A
107,A
108,A
109,B
110,A
111,B
112,A
113,A
114,A
115,B
116,A
117,A
118,A
119,A
120,B
121,A
122,B
123,A
124,A
125,B
126,B
127,A
128,B
129,A
130,A
131,A
132,B
133,B
134,A
135,A
136,A
137,B
138,B
139,A
140,A
141,B
142,B
143,B
144,B
145,A
146,B
147,B
148,A
149,B
150,B
151,A
152,A
153,A
154,A
155,B
156,A
157,A
158,B
159,A
160,A
161,A
162,B
163,B
164,B
165,B
166,A
167,B
168,B
169,A
170,B
171,B
172,B
173,B
174,B
175,A
176,A
177,A
178,B
179,A
180,A
181,B
182,A
183,A
184,B
185,A
186,A
187,B
188,B
189,B
190,B
191,B
192,B
193,B
194,A
195,B
196,B
197,A
198,B
199,B
200,B
201,A
202,A
203,A
204,A
205,B
206,A
207,A
208,A
209,B
210,A
211,B
212,B
213,B
214,A
215,B
216,B
217,A
218,A
219,B
220,B
221,B
222,B
223,B
224,A
225,B
226,B
227,A
228,B
229,B
230,B
231,A
232,B
233,A
234,A
235,A
236,B
237,A
238,B
239,B
240,A
241,B
242,A
243,A
244,B
245,B
246,B
247,B
248,B
249,A
250,B
251,B
252,B
253,A
254,A
255,A
256,B
257,A
258,A
259,B
260,B
261,B
262,A
263,A
264,A
265,B
266,B
267,A
268,A
269,A
270,B
271,B
272,A
273,B
274,B
275,B
276,A
277,A
278,B
279,B
280,A
281,A
282,A
283,A
284,B
285,A
286,A
287,A
288,A
289,A
290,B
291,B
292,B
293,A
294,A
295,B
296,A
297,A
298,A
299,A
300,A
301,A
302,B
303,A
304,B
305,A
306,A
307,A
308,A
309,B
310,A
311,B
312,B
313,B
314,B
315,A
316,B
317,A
318,B
319,B
320,B
321,A
322,B
323,A
324,B
325,B
326,B
327,A
328,A
329,A
330,B
331,B
332,B
333,B
334,A
335,B
336,A
337,A
338,A
339,B
340,A
341,A
342,A
343,B
344,A
345,A
346,A
347,A
348,A
349,A
350,B
351,A
352,B
353,B
354,B
355,B
356,A
357,B
358,A
359,A
360,A
361,B
362,A
363,A
364,B
365,A
366,A
367,A
368,B
369,A
370,A
371,A
372,A
373,B
374,B
375,B
376,A
377,A
378,A
379,B
380,B
381,A
382,A
383,A
384,B
385,A
386,B
387,B
388,A
389,A
390,A
391,B
392,A
393,B
394,B
395,A
396,A
397,B
398,B
399,A
400,B
401,A
402,A
403,A
404,A
405,B
406,A
407,A
408,B
409,B
410,A
411,A
412,B
413,B
414,A
415,B
416,B
417,B
418,B
419,A
420,A
421,A
422,A
423,B
424,B
425,B
426,B
427,A
428,A
429,B
430,A
431,A
432,B
433,A
434,A
435,B
436,B
437,B
438,A
439,B
440,B
441,A
442,A
443,B
444,A
445,A
446,B
447,B
448,A
449,B
450,A
451,A
452,A
453,A
454,B
455,A
456,B
457,A
458,A
459,B
460,B
461,A
462,A
463,B
464,B
465,B
466,A
467,B
468,A
469,B
470,B
471,B
472,A
473,B
474,B
475,A
476,B
477,A
478,A
479,A
480,B
481,B
482,A
483,A
484,A
485,B
486,A
487,A
488,B
489,B
490,A
491,A
492,A
493,A
494,B
495,A
496,B
497,B
498,A
499,B
500,A
501,B
502,A
503,B
504,B
505,A
506,B
507,B
508,B
509,B
510,B
511,B
512,B
513,B
514,B
515,A
516,B
517,B
518,A
519,B
520,B
521,A
522,B
523,A
524,A
525,B
526,A
527,A
528,B
529,B
530,A
531,B
532,A
533,A
534,B
535,A
536,B
537,B
538,B
539,B
540,A
541,B
542,B
543,B
544,A
545,B
546,A
547,A
548,A
549,A
550,B
551,B
552,A
553,A
554,B
555,A
556,A
557,A
558,B
559,A
560,A
561,A
562,B
563,A
564,B
565,B
566,B
567,B
568,A
569,A
570,B
571,A
572,A
573,B
574,B
575,A
576,A
577,A
578,A
579,B
580,B
581,B
582,A
583,B
584,A
585,B
586,A
587,A
588,B
589,B
590,A
591,A
592,B
593,A
594,A
595,A
596,B
597,A
598,A
599,A
600,B
601,B
602,B
603,A
604,A
605,A
606,A
607,A
608,A
609,B
610,A
611,B
612,A
613,A
614,B
615,B
616,A
617,A
618,A
619,B
620,A
621,A
622,B
623,B
624,A
625,A
626,B
627,A
628,B
629,B
630,A
631,B
632,B
633,A
634,B
635,B
636,A
637,A
638,B
639,A
640,B
641,B
642,B
643,A
644,B
645,B
646,A
647,A
648,A
649,A
650,B
651,A
652,A
653,B
654,B
655,A
656,A
657,A
658,A
659,B
660,A
661,B
662,B
663,A
664,B
665,A
666,A
667,A
668,A
669,B
670,A
671,B
672,A
673,B
674,B
675,A
676,A
677,B
678,B
679,B
680,A
681,A
682,A
683,A
684,B
685,B
686,B
687,B
688,B
689,A
690,A
691,B
692,A
693,A
694,A
695,A
696,A
697,B
698,B
699,A
700,B
701,B
702,A
703,A
704,A
705,A
706,B
707,A
708,A
709,B
710,A
711,B
712,B
713,A
714,B
715,A
716,B
717,A
718,A
719,B
720,A
721,B
722,B
723,A
724,B
725,A
726,B
727,A
728,B
729,B
730,B
731,B
732,B
733,A
734,A
735,B
736,A
737,A
738,A
739,B
740,A
741,A
742,B
743,B
744,B
745,B
746,B
747,A
748,A
749,A
750,B
751,A
752,B
753,A
754,A
755,B
756,A
757,A
758,B
759,A
760,A
761,A
762,B
763,B
764,A
765,A
766,B
767,B
768,B
769,A
770,A
771,B
772,B
773,A
774,B
775,A
776,B
777,B
778,A
779,B
780,B
781,A
782,A
783,A
784,A
785,A
786,B
787,B
788,A
789,A
790,B
791,A
792,A
793,A
794,B
795,A
796,B
797,B
798,A
799,A
800,A
801,B
802,A
803,B
804,B
805,B
806,A
807,B
808,B
809,A
810,A
811,A
812,B
813,B
814,A
815,B
816,B
817,A
818,B
819,B
820,A
821,A
822,B
823,B
824,A
825,A
826,A
827,A
828,A
829,A
830,A
831,A
832,B
833,A
834,A
835,A
836,B
837,B
838,A
839,A
840,B
841,A
842,B
843,A
844,A
845,B
846,B
847,B
848,B
849,B
850,B
851,B
852,B
853,B
854,A
855,A
856,A
857,A
858,A
859,B
860,A
861,A
862,A
863,B
864,B
865,B
866,A
867,A
868,A
869,A
870,A
871,A
872,B
873,B
874,B
875,B
876,A
877,A
878,A
879,A
880,A
881,A
882,A
883,A
884,B
885,A
886,B
887,A
888,A
889,B
890,A
891,A
892,B
893,A
894,B
895,A
896,A
897,B
898,A
899,B
900,A
901,A
902,B
903,A
904,B
905,A
906,B
907,B
908,B
909,B
910,A
911,B
912,A
913,A
914,A
915,B
916,B
917,A
918,A
919,A
920,B
921,B
922,B
923,A
924,B
925,B
926,B
927,B
928,A
929,A
930,A
931,A
932,B
933,A
934,A
935,A
936,A
937,A
938,B
939,A
940,B
941,B
942,B
943,A
944,A
945,B
946,A
947,B
948,B
949,A
950,A
951,B
952,A
953,B
954,B
955,A
956,B
957,A
958,A
959,B
960,A
961,B
962,A
963,B
964,B
965,B
966,A
967,B
968,B
969,B
970,A
971,B
972,B
973,B
974,A
975,B
976,A
977,A
978,A
979,A
980,A
981,B
982,B
983,A
984,A
985,B
986,B
987,B
988,A
989,B
990,B
991,A
992,A
993,B
994,B
995,A
996,B
997,B
998,B
999,B
1000,B
1001,A
1002,B
1003,B
1004,A
1005,B
1006,B
1007,A
1008,A
1009,B
1010,A
1011,B
1012,B
1013,A
1014,A
1015,B
1016,B
1017,B
1018,A
1019,A
1020,B
1021,B
1022,B
1023,B
1024,B
1025,B
1026,B
1027,B
1028,B
1029,A
1030,A
1031,B
1032,B
1033,A
1034,A
1035,A
1036,A
1037,B
1038,B
1039,A
1040,B
1041,B
1042,B
1043,A
1044,A
1045,B
1046,A
1047,A
1048,A
1049,B
1050,B
1051,B
1052,A
1053,A
1054,B
1055,A
1056,A
1057,A
1058,A
1059,B
1060,B
1061,A
1062,B
1063,B
1064,B
1065,A
1066,B
1067,A
1068,B
1069,B
1070,B
1071,B
1072,A
1073,B
1074,B
1075,B
1076,B
1077,B
1078,A
1079,A
1080,A
1081,A
1082,B
1083,A
1084,A
1085,B
1086,A
1087,A
1088,B
1089,A
1090,A
1091,A
1092,A
1093,B
1094,A
1095,B
1096,B
1097,B
1098,B
1099,A
1100,A
1101,A
1102,B
1103,B
1104,B
1105,A
1106,A
1107,A
1108,A
1109,A
1110,A
1111,B
1112,B
1113,A
1114,B
1115,A
1116,B
1117,A
1118,A
1119,A
1120,B
1121,A
1122,B
1123,A
1124,B
1125,B
1126,A
1127,A
1128,A
1129,B
1130,A
1131,A
1132,B
1133,B
1134,B
1135,A
1136,A
1137,A
1138,A
1139,B
1140,B
1141,B
1142,A
1143,B
1144,A
1145,B
1146,B
1147,A
1148,B
1149,B
1150,A
1151,B
1152,A
1153,B
1154,B
1155,A
1156,A
1157,A
1158,B
1159,B
1160,A
1161,A
1162,A
1163,A
1164,B
1165,B
1166,A
1167,A
1168,B
1169,B
1170,B
1171,B
1172,B
1173,B
1174,A
1175,A
1176,B
1177,A
1178,A
1179,B
1180,B
1181,A
1182,B
1183,B
1184,A
1185,A
1186,A
1187,B
1188,A
1189,B
1190,B
1191,A
1192,A
1193,B
1194,B
1195,B
1196,B
1197,A
1198,A
1199,A
1200,A
1201,B
1202,B
1203,A
1204,A
1205,B
1206,B
1207,B
1208,A
1209,A
1210,B
1211,A
1212,B
1213,A
1214,B
1215,A
1216,B
1217,A
1218,B
1219,B
1220,B
1221,B
1222,A
1223,B
1224,B
1225,B
1226,A
1227,B
1228,A
1229,B
1230,B
1231,B
1232,B
1233,A
1234,A
1235,B
1236,B
1237,B
1238,A
1239,B
1240,A
1241,A
1242,B
1243,A
1244,B
1245,A
1246,B
1247,B
1248,B
1249,B
1250,B
1251,B
1252,A
1253,A
1254,A
1255,B
1256,B
1257,B
1258,B
1259,B
1260,B
1261,A
1262,B
1263,B
1264,B
1265,B
1266,B
1267,A
1268,B
1269,B
1270,A
1271,A
1272,B
1273,A
1274,A
1275,B
1276,A
1277,B
1278,A
1279,B
1280,B
1281,A
1282,A
1283,B
1284,B
1285,A
1286,B
1287,A
1288,A
1289,A
1290,B
1291,B
1292,A
1293,A
1294,B
1295,B
1296,B
1297,A
1298,A
1299,B
1300,A
1301,A
1302,B
1303,A
1304,B
1305,B
1306,B
1307,B
1308,A
1309,B
1310,B
1311,B
1312,A
1313,A
1314,A
1315,A
1316,B
1317,A
1318,A
1319,A
1320,B
1321,B
1322,B
1323,B
1324,A
1325,A
1326,A
1327,A
1328,A
1329,B
1330,A
1331,B
1332,B
1333,B
1334,A
1335,A
1336,B
1337,A
1338,A
1339,A
1340,A
1341,B
1342,A
1343,A
1344,A
1345,B
1346,B
1347,A
1348,A
1349,A
1350,A
1351,B
1352,B
1353,B
1354,B
1355,B
1356,B
1357,A
1358,B
1359,B
1360,B
1361,A
1362,B
1363,B
1364,B
1365,B
1366,A
1367,A
1368,A
1369,B
1370,A
1371,A
1372,A
1373,A
1374,A
1375,B
1376,B
1377,B
1378,B
1379,B
1380,B
1381,A
1382,A
1383,B
1384,B
1385,B
1386,B
1387,A
1388,A
1389,B
1390,B
1391,B
1392,B
1393,B
1394,B
1395,A
1396,A
1397,A
1398,A
1399,B
1400,A
1401,A
1402,B
1403,A
1404,A
1405,A
1406,B
1407,B
1408,B
1409,B
1410,A
1411,B
1412,B
1413,B
1414,A
1415,A
1416,A
1417,A
1418,B
1419,A
1420,B
1421,A
1422,B
1423,A
1424,A
1425,A
1426,A
1427,B
1428,A
1429,B
1430,B
1431,A
1432,A
1433,A
1434,A
1435,B
1436,B
1437,A
1438,B
1439,A
1440,B
1441,A
1442,B
1443,A
1444,A
1445,A
1446,A
1447,B
1448,A
1449,A
1450,B
1451,B
1452,A
1453,B
1454,B
1455,A
1456,A
1457,A
1458,A
1459,A
1460,B
1461,B
1462,A
1463,A
1464,A
1465,A
1466,B
1467,B
1468,A
1469,B
1470,B
1471,A
1472,A
1473,B
1474,B
1475,B
1476,B
1477,A
1478,B
1479,A
1480,B
1481,B
1482,A
1483,A
1484,B
1485,B
1486,A
1487,B
1488,A
1489,A
1490,B
1491,B
1492,A
1493,A
1494,A
1495,A
1496,A
1497,A
1498,B
1499,B
1500,A
1501,B
1502,A
1503,A
1504,A
1505,B
1506,B
1507,A
1508,A
1509,B
1510,B
1511,A
1512,A
1513,B
1514,B
1515,A
1516,A
1517,A
1518,A
1519,A
1520,A
1521,B
1522,B
1523,B
1524,A
1525,A
1526,B
1527,B
1528,A
1529,B
1530,B
1531,A
1532,B
1533,B
1534,B
1535,A
1536,A
1537,B
1538,B
1539,A
1540,A
1541,A
1542,A
1543,A
1544,B
1545,A
1546,B
1547,B
1548,A
1549,A
1550,A
1551,B
1552,A
1553,B
1554,A
1555,B
1556,B
1557,A
1558,A
1559,B
1560,B
1561,A
1562,B
1563,B
1564,A
1565,A
1566,B
1567,B
1568,A
1569,A
1570,A
1571,B
1572,A
1573,B
1574,A
1575,A
1576,B
1577,A
1578,B
1579,A
1580,A
1581,A
1582,A
1583,A
1584,B
1585,B
1586,B
1587,A
1588,A
1589,A
1590,A
1591,B
1592,B
1593,A
1594,B
1595,A
1596,A
1597,A
1598,B
1599,A
1600,B
1601,B
1602,A
1603,B
1604,A
1605,B
1606,A
1607,A
1608,A
1609,A
1610,A
1611,B
1612,A
1613,A
1614,B
1615,A
1616,A
1617,B
1618,A
1619,B
1620,B
1621,B
1622,A
1623,B
1624,A
1625,B
1626,B
1627,B
1628,A
1629,B
1630,A
1631,B
1632,B
1633,A
1634,B
1635,B
1636,A
1637,A
1638,B
1639,B
1640,B
1641,A
1642,A
1643,B
1644,A
1645,A
1646,B
1647,A
1648,A
1649,A
1650,A
1651,A
1652,B
1653,A
1654,A
1655,A
1656,A
1657,B
1658,B
1659,A
1660,B
1661,A
1662,B
1663,A
1664,A
1665,B
1666,A
1667,B
1668,A
1669,B
1670,B
1671,B
1672,B
1673,A
1674,A
1675,B
1676,A
1677,A
1678,A
1679,B
1680,B
1681,A
1682,A
1683,B
1684,A
1685,A
1686,A
1687,B
1688,B
1689,B
1690,A
1691,A
1692,A
1693,B
1694,B
1695,B
1696,A
1697,B
1698,A
1699,A
1700,B
1701,A
1702,A
1703,B
1704,A
1705,B
1706,B
1707,B
1708,A
1709,B
1710,B
1711,B
1712,A
1713,A
1714,A
1715,B
1716,B
1717,B
1718,A
1719,B
1720,B
1721,A
1722,A
1723,B
1724,B
1725,B
1726,A
1727,A
1728,B
1729,A
1730,A
1731,B
1732,B
1733,A
1734,A
1735,A
1736,A
1737,B
1738,A
1739,B
1740,A
1741,B
1742,A
1743,B
1744,B
1745,B
1746,A
1747,A
1748,A
1749,A
1750,B
1751,A
1752,B
1753,B
1754,A
1755,B
1756,B
1757,A
1758,A
1759,B
1760,A
1761,B
1762,A
1763,A
1764,B
1765,A
1766,A
1767,A
1768,B
1769,B
1770,A
1771,B
1772,B
1773,B
1774,A
1775,A
1776,A
1777,B
1778,B
1779,A
1780,A
1781,A
1782,A
1783,B
1784,A
1785,B
1786,A
1787,A
1788,B
1789,A
1790,A
1791,B
1792,B
1793,A
1794,B
1795,B
1796,A
1797,A
1798,A
1799,B
1800,B
1801,A
1802,A
1803,A
1804,A
1805,B
1806,A
1807,B
1808,B
1809,A
1810,B
1811,B
1812,B
1813,A
1814,A
1815,A
1816,A
1817,A
1818,A
1819,B
1820,B
1821,B
1822,B
1823,B
1824,B
1825,B
1826,B
1827,A
1828,A
1829,B
1830,B
1831,A
1832,A
1833,A
1834,B
1835,B
1836,A
1837,B
1838,B
1839,A
1840,A
1841,A
1842,B
1843,A
1844,A
1845,A
1846,B
1847,B
1848,B
1849,A
1850,B
1851,B
1852,A
1853,B
1854,B
1855,B
1856,B
1857,B
1858,B
1859,B
1860,B
1861,A
1862,A
1863,A
1864,A
1865,A
1866,A
1867,A
1868,B
1869,B
1870,B
1871,B
1872,B
1873,A
1874,A
1875,B
1876,B
1877,B
1878,A
1879,A
1880,B
1881,A
1882,B
1883,B
1884,A
1885,B
1886,A
1887,B
1888,B
1889,A
1890,A
1891,A
1892,B
1893,B
1894,B
1895,B
1896,B
1897,A
1898,A
1899,B
1900,A
1901,A
1902,B
1903,A
1904,B
1905,B
1906,A
1907,A
1908,B
1909,B
1910,B
1911,A
1912,B
1913,B
1914,B
1915,B
1916,A
1917,B
1918,A
1919,B
1920,B
1921,B
1922,B
1923,A
1924,A
1925,A
1926,B
1927,B
1928,A
1929,A
1930,A
1931,B
1932,B
1933,A
1934,A
1935,A
1936,B
1937,B
1938,B
1939,B
1940,B
1941,A
1942,A
1943,B
1944,A
1945,B
1946,A
1947,A
1948,A
1949,B
1950,A
1951,B
1952,A
1953,A
1954,A
1955,A
1956,A
1957,A
1958,B
1959,B
1960,B
1961,B
1962,B
1963,B
1964,A
1965,A
1966,A
1967,B
1968,B
1969,A
1970,A
1971,A
1972,A
1973,B
1974,A
1975,B
1976,B
1977,A
1978,B
1979,B
1980,A
1981,B
1982,B
1983,A
1984,A
1985,A
1986,A
1987,A
1988,B
1989,A
1990,A
1991,B
1992,B
1993,B
1994,A
1995,A
1996,A
1997,B
1998,A
1999,B
2000,B
2001,B
2002,B
2003,B
2004,B
2005,A
2006,B
2007,A
2008,B
2009,B
2010,B
2011,B
2012,B
2013,B
2014,B
2015,A
2016,B
2017,A
2018,B
2019,B
2020,A
2021,A
2022,B
2023,A
2024,B
2025,A
2026,A
2027,A
2028,A
2029,A
2030,B
2031,A
2032,A
2033,A
2034,B
2035,B
2036,A
2037,B
2038,B
2039,B
2040,A
2041,A
2042,B
2043,B
2044,A
2045,A
2046,B
2047,A
2048,B
2049,A
2050,A
2051,A
2052,A
2053,B
2054,A
2055,A
2056,A
2057,A
2058,A
2059,B
2060,B
2061,A
2062,B
2063,A
2064,B
2065,A
2066,A
2067,B
2068,A
2069,A
2070,A
2071,A
2072,A
2073,B
2074,B
2075,B
2076,B
2077,A
2078,A
2079,B
2080,A
2081,B
2082,A
2083,A
2084,B
2085,B
2086,B
2087,B
2088,B
2089,B
2090,B
2091,A
2092,B
2093,B
2094,B
2095,A
2096,A
2097,A
2098,B
2099,A
2100,B
2101,B
2102,A
2103,B
2104,A
2105,A
2106,A
2107,A
2108,B
2109,A
2110,A
2111,B
2112,B
2113,A
2114,A
2115,A
2116,A
2117,B
2118,A
2119,B
2120,B
2121,B
2122,A
2123,A
2124,B
2125,A
2126,B
2127,B
2128,A
2129,A
2130,B
2131,B
2132,B
2133,A
2134,A
2135,A
2136,B
2137,A
2138,B
2139,B
2140,A
2141,B
2142,B
2143,B
2144,A
2145,B
2146,B
2147,A
2148,B
2149,A
2150,A
2151,B
2152,B
2153,A
2154,B
2155,B
2156,B
2157,B
2158,A
2159,A
2160,B
2161,A
2162,A
2163,A
2164,B
2165,A
2166,A
2167,A
2168,A
2169,A
2170,B
2171,B
2172,A
2173,B
2174,A
2175,B
2176,B
2177,B
2178,B
2179,B
2180,B
2181,B
2182,A
2183,A
2184,A
2185,A
2186,A
2187,B
2188,B
2189,B
2190,A
2191,B
2192,B
2193,A
2194,A
2195,B
2196,B
2197,B
2198,B
2199,A
2200,A
2201,A
2202,B
2203,B
2204,A
2205,B
2206,B
2207,A
2208,A
2209,B
2210,A
2211,B
2212,B
2213,B
2214,B
2215,B
2216,B
2217,A
2218,A
2219,B
2220,B
2221,B
2222,A
2223,B
2224,A
2225,A
2226,B
2227,A
2228,A
2229,A
2230,B
2231,A
2232,B
2233,A
2234,A
2235,A
2236,A
2237,A
2238,B
2239,B
2240,A
2241,A
2242,A
2243,A
2244,B
2245,B
2246,A
2247,B
2248,A
2249,A
2250,B
2251,B
2252,A
2253,A
2254,A
2255,B
2256,A
2257,B
2258,A
2259,B
2260,B
2261,B
2262,A
2263,A
2264,A
2265,B
2266,B
2267,B
2268,B
2269,B
2270,B
2271,B
2272,A
2273,B
2274,B
2275,B
2276,B
2277,B
2278,A
2279,B
2280,B
2281,B
2282,A
2283,B
2284,B
2285,A
2286,B
2287,B
2288,A
2289,A
2290,A
2291,B
2292,B
2293,B
2294,B
2295,B
2296,A
2297,B
2298,A
2299,B
2300,A
2301,A
2302,B
2303,A
2304,B
2305,B
2306,A
2307,A
2308,B
2309,B
2310,B
2311,B
2312,A
2313,B
2314,A
2315,B
2316,B
2317,B
2318,A
2319,A
2320,A
2321,B
2322,B
2323,A
2324,B
2325,A
2326,A
2327,B
2328,A
2329,B
2330,B
2331,A
2332,B
2333,A
2334,A
2335,A
2336,B
2337,A
2338,B
2339,A
2340,B
2341,A
2342,A
2343,B
2344,A
2345,A
2346,B
2347,B
2348,A
2349,A
2350,B
2351,A
2352,B
2353,B
2354,A
2355,B
2356,B
2357,A
2358,A
2359,A
2360,A
2361,B
2362,B
2363,B
2364,A
2365,B
2366,A
2367,B
2368,A
2369,A
2370,B
2371,A
2372,B
2373,B
2374,B
2375,B
2376,A
2377,B
2378,B
2379,B
2380,A
2381,B
2382,A
2383,B
2384,B
2385,B
2386,B
2387,B
2388,A
2389,A
2390,B
2391,B
2392,B
2393,A
2394,B
2395,A
2396,B
2397,B
2398,B
2399,A
2400,B
2401,A
2402,B
2403,A
2404,A
2405,B
2406,A
2407,B
2408,B
2409,B
2410,B
2411,A
2412,B
2413,A
2414,B
2415,A
2416,B
2417,A
2418,B
2419,B
2420,B
2421,A
2422,B
2423,B
2424,A
2425,A
2426,B
2427,A
2428,A
2429,B
2430,A
2431,A
2432,A
2433,B
2434,A
2435,B
2436,B
2437,A
2438,B
2439,B
2440,B
2441,B
2442,A
2443,B
2444,B
2445,B
2446,A
2447,A
2448,B
2449,B
2450,A
2451,A
2452,A
2453,B
2454,A
2455,A
2456,B
2457,B
2458,A
2459,B
2460,B
2461,B
2462,A
2463,B
2464,B
2465,B
2466,B
2467,B
2468,B
2469,B
2470,B
2471,B
2472,A
2473,B
2474,B
2475,B
2476,B
2477,B
2478,B
2479,A
2480,B
2481,B
2482,A
2483,A
2484,A
2485,B
2486,B
2487,B
2488,B
2489,B
2490,B
2491,A
2492,B
2493,B
2494,A
2495,B
2496,A
2497,A
2498,A
2499,A
2500,B
2501,B
2502,B
2503,B
2504,B
2505,B
2506,A
2507,A
2508,A
2509,A
2510,A
2511,B
2512,B
2513,A
2514,A
2515,B
2516,B
2517,B
2518,B
2519,B
2520,A
2521,A
2522,A
2523,B
2524,A
2525,A
2526,A
2527,B
2528,B
2529,B
2530,B
2531,A
2532,A
2533,B
2534,B
2535,B
2536,A
2537,B
2538,A
2539,B
2540,B
2541,B
2542,A
2543,B
2544,A
2545,A
2546,B
2547,A
2548,B
2549,B
2550,B
2551,B
2552,A
2553,A
2554,B
2555,B
2556,A
2557,A
2558,A
2559,A
2560,B
2561,A
2562,A
2563,B
2564,B
2565,A
2566,B
2567,A
2568,B
2569,A
2570,B
2571,A
2572,B
2573,A
2574,B
2575,B
2576,B
2577,B
2578,B
2579,A
2580,B
2581,B
2582,A
2583,A
2584,B
2585,B
2586,B
2587,A
2588,B
2589,A
2590,A
2591,A
2592,B
2593,B
2594,B
2595,B
2596,A
2597,B
2598,A
2599,B
2600,A
2601,B
2602,B
2603,A
2604,B
2605,B
2606,A
2607,A
2608,A
2609,A
2610,B
2611,B
2612,A
2613,B
2614,B
2615,A
2616,A
2617,B
2618,B
2619,A
2620,A
2621,A
2622,B
2623,A
2624,A
2625,B
2626,A
2627,A
2628,A
2629,B
2630,B
2631,A
2632,B
2633,A
2634,B
2635,B
2636,A
2637,A
2638,B
2639,B
2640,B
2641,B
2642,A
2643,B
2644,A
2645,A
2646,B
2647,B
2648,B
2649,A
2650,A
2651,B
2652,B
2653,B
2654,A
2655,A
2656,B
2657,A
2658,A
2659,A
2660,A
2661,B
2662,B
2663,B
2664,A
2665,B
2666,B
2667,A
2668,A
2669,A
2670,B
2671,B
2672,A
2673,B
2674,B
2675,A
2676,A
2677,B
2678,B
2679,A
2680,A
2681,A
2682,A
2683,B
2684,B
2685,B
2686,B
2687,B
2688,A
2689,A
2690,A
2691,A
2692,B
2693,B
2694,A
2695,B
2696,A
2697,B
2698,B
2699,B
2700,B
2701,B
2702,B
2703,B
2704,A
2705,A
2706,B
2707,A
2708,A
2709,A
2710,A
2711,A
2712,B
2713,B
2714,B
2715,A
2716,A
2717,B
2718,A
2719,B
2720,B
2721,A
2722,A
2723,A
2724,B
2725,B
2726,B
2727,B
2728,A
2729,B
2730,A
2731,B
2732,B
2733,B
2734,B
2735,B
2736,B
2737,A
2738,B
2739,A
2740,A
2741,B
2742,B
2743,B
2744,A
2745,A
2746,A
2747,A
2748,B
2749,A
2750,A
2751,A
2752,A
2753,B
2754,B
2755,B
2756,B
2757,B
2758,A
2759,A
2760,A
2761,A
2762,A
2763,B
2764,A
2765,B
2766,B
2767,B
2768,A
2769,A
2770,A
2771,B
2772,B
2773,A
2774,B
2775,B
2776,B
2777,A
2778,B
2779,A
2780,A
2781,B
2782,B
2783,B
2784,A
2785,A
2786,B
2787,B
2788,A
2789,B
2790,A
2791,B
2792,B
2793,B
2794,A
2795,B
2796,B
2797,A
2798,A
2799,A
2800,A
2801,A
2802,A
2803,A
2804,A
2805,B
2806,B
2807,B
2808,B
2809,A
2810,A
2811,A
2812,A
2813,A
2814,B
2815,B
2816,A
2817,B
2818,A
2819,A
2820,B
2821,B
2822,A
2823,B
2824,A
2825,A
2826,B
2827,A
2828,A
2829,B
2830,A
2831,A
2832,B
2833,B
2834,B
2835,A
2836,A
2837,B
2838,B
2839,A
2840,B
2841,A
2842,A
2843,B
2844,A
2845,B
2846,A
2847,A
2848,A
2849,B
2850,A
2851,A
2852,B
2853,B
2854,A
2855,B
2856,A
2857,A
2858,A
2859,A
2860,A
2861,A
2862,B
2863,A
2864,A
2865,B
2866,A
2867,A
2868,A
2869,A
2870,B
2871,A
2872,B
2873,B
2874,B
2875,A
2876,A
2877,B
2878,B
2879,A
2880,A
2881,A
2882,A
2883,A
2884,B
2885,B
2886,B
2887,A
2888,B
2889,A
2890,B
2891,A
2892,B
2893,B
2894,A
2895,A
2896,B
2897,B
2898,A
2899,A
2900,A
2901,B
2902,B
2903,A
2904,B
2905,A
2906,B
2907,A
2908,A
2909,B
2910,A
2911,A
2912,B
2913,B
2914,B
2915,B
2916,A
2917,A
2918,A
2919,A
2920,A
2921,B
2922,B
2923,A
2924,B
2925,B
2926,B
2927,B
2928,B
2929,A
2930,B
2931,A
2932,A
2933,A
2934,A
2935,A
2936,B
2937,A
2938,A
2939,A
2940,B
2941,B
2942,B
2943,B
2944,A
2945,A
2946,A
2947,A
2948,A
2949,B
2950,A
2951,B
2952,A
2953,B
2954,B
2955,B
2956,A
2957,B
2958,A
2959,A
2960,B
2961,B
2962,B
2963,B
2964,A
2965,A
2966,A
2967,B
2968,B
2969,B
2970,B
2971,A
2972,A
2973,A
2974,B
2975,B
2976,B
2977,B
2978,B
2979,A
2980,B
2981,A
2982,B
2983,A
2984,B
2985,B
2986,A
2987,B
2988,B
2989,B
2990,A
2991,B
2992,B
2993,B
2994,B
2995,B
2996,A
2997,A
2998,A
2999,A
3000,B
3001,B
3002,A
3003,A
3004,A
3005,A
3006,A
3007,B
3008,A
3009,B
3010,B
3011,A
3012,B
3013,B
3014,B
3015,B
3016,A
3017,B
3018,B
3019,A
3020,A
3021,A
3022,B
3023,A
3024,B
3025,A
3026,B
3027,A
3028,A
3029,B
3030,A
3031,A
3032,B
3033,A
3034,A
3035,B
3036,B
3037,A
3038,A
3039,B
3040,B
3041,A
3042,B
3043,A
3044,A
3045,B
3046,B
3047,B
3048,B
3049,A
3050,B
3051,A
3052,A
3053,A
3054,A
3055,A
3056,B
3057,B
3058,A
3059,B
3060,B
3061,A
3062,A
3063,B
3064,A
3065,B
3066,B
3067,A
3068,B
3069,B
3070,A
3071,A
3072,B
3073,A
3074,B
3075,A
3076,A
3077,B
3078,B
3079,B
3080,A
3081,B
3082,A
3083,A
3084,B
3085,B
3086,A
3087,B
3088,A
3089,A
3090,A
3091,B
3092,A
3093,A
3094,B
3095,B
3096,B
3097,A
3098,B
3099,A
3100,A
3101,A
3102,B
3103,A
3104,A
3105,B
3106,A
3107,B
3108,B
3109,B
3110,B
3111,A
3112,A
3113,A
3114,A
3115,B
3116,A
3117,B
3118,A
3119,A
3120,B
3121,A
3122,A
3123,B
3124,A
3125,A
3126,A
3127,B
3128,B
3129,A
3130,A
3131,A
3132,B
3133,A
3134,B
3135,B
3136,A
3137,B
3138,B
3139,B
3140,B
3141,B
3142,A
3143,B
3144,B
3145,B
3146,B
3147,B
3148,A
3149,A
3150,B
3151,A
3152,B
3153,A
3154,A
3155,B
3156,B
3157,B
3158,B
3159,A
3160,B
3161,A
3162,B
3163,B
3164,A
3165,B
3166,B
3167,A
3168,A
3169,B
3170,A
3171,B
3172,A
3173,B
3174,A
3175,A
3176,A
3177,B
3178,B
3179,B
3180,A
3181,A
3182,A
3183,A
3184,B
3185,A
3186,A
3187,B
3188,B
3189,A
3190,A
3191,A
3192,B
3193,A
3194,A
3195,A
3196,B
3197,A
3198,B
3199,B
3200,B
3201,B
3202,B
3203,A
3204,A
3205,B
3206,B
3207,A
3208,B
3209,A
3210,A
3211,B
3212,A
3213,A
3214,A
3215,B
3216,A
3217,A
3218,A
3219,B
3220,B
3221,B
3222,B
3223,A
3224,A
3225,A
3226,A
3227,B
3228,B
3229,B
3230,A
3231,B
3232,B
3233,A
3234,A
3235,A
3236,B
3237,A
3238,B
3239,B
3240,A
3241,B
3242,B
3243,A
3244,B
3245,B
3246,B
3247,A
3248,B
3249,A
3250,A
3251,B
3252,A
3253,B
3254,A
3255,A
3256,B
3257,A
3258,B
3259,B
3260,B
3261,B
3262,B
3263,A
3264,B
3265,B
3266,B
3267,B
3268,A
3269,A
3270,A
3271,A
3272,B
3273,B
3274,B
3275,B
3276,B
3277,B
3278,B
3279,B
3280,B
3281,B
3282,A
3283,A
3284,B
3285,B
3286,A
3287,B
3288,B
3289,B
3290,B
3291,B
3292,A
3293,B
3294,A
3295,B
3296,B
3297,B
3298,A
3299,A
3300,B
3301,A
3302,A
3303,A
3304,B
3305,A
3306,A
3307,A
3308,B
3309,A
3310,A
3311,B
3312,B
3313,B
3314,A
3315,B
3316,B
3317,A
3318,B
3319,A
3320,B
3321,B
3322,A
3323,A
3324,A
3325,A
3326,B
3327,B
3328,A
3329,B
3330,A
3331,B
3332,A
3333,A
3334,A
3335,A
3336,B
3337,A
3338,A
3339,B
3340,B
3341,A
3342,B
3343,B
3344,A
3345,A
3346,A
3347,B
3348,B
3349,B
3350,A
3351,A
3352,B
3353,A
3354,B
3355,B
3356,A
3357,A
3358,B
3359,A
3360,A
3361,A
3362,A
3363,A
3364,A
3365,B
3366,A
3367,B
3368,B
3369,B
3370,A
3371,B
3372,A
3373,B
3374,B
3375,B
3376,A
3377,B
3378,B
3379,A
3380,B
3381,B
3382,B
3383,B
3384,B
3385,B
3386,A
3387,B
3388,A
3389,A
3390,A
3391,A
3392,B
3393,B
3394,A
3395,A
3396,B
3397,B
3398,B
3399,A
3400,A
3401,A
3402,B
3403,A
3404,A
3405,B
3406,B
3407,B
3408,B
3409,B
3410,A
3411,A
3412,B
3413,A
3414,B
3415,A
3416,B
3417,B
3418,A
3419,B
3420,B
3421,B
3422,A
3423,A
3424,B
3425,A
3426,A
3427,B
3428,A
3429,B
3430,B
3431,B
3432,B
3433,A
3434,B
3435,A
3436,A
3437,A
3438,B
3439,B
3440,B
3441,B
3442,B
3443,B
3444,B
3445,A
3446,A
3447,B
3448,B
3449,A
3450,B
3451,A
3452,A
3453,B
3454,B
3455,A
3456,A
3457,B
3458,A
3459,B
3460,B
3461,B
3462,B
3463,A
3464,B
3465,B
3466,A
3467,A
3468,A
3469,B
3470,A
3471,A
3472,B
3473,A
3474,A
3475,A
3476,A
3477,B
3478,B
3479,B
3480,A
3481,A
3482,A
3483,B
3484,A
3485,B
3486,B
3487,A
3488,A
3489,A
3490,B
3491,A
3492,A
3493,A
3494,A
3495,A
3496,B
3497,A
3498,B
3499,B
3500,A
3501,B
3502,B
3503,A
3504,B
3505,B
3506,B
3507,B
3508,A
3509,B
3510,A
3511,B
3512,B
3513,A
3514,B
3515,B
3516,A
3517,A
3518,A
3519,A
3520,A
3521,A
3522,A
3523,A
3524,B
3525,A
3526,B
3527,B
3528,B
3529,A
3530,A
3531,B
3532,A
3533,A
3534,A
3535,A
3536,B
3537,A
3538,B
3539,A
3540,B
3541,B
3542,A
3543,A
3544,B
3545,B
3546,A
3547,A
3548,A
3549,A
3550,B
3551,A
3552,A
3553,A
3554,B
3555,A
3556,B
3557,A
3558,B
3559,B
3560,A
3561,B
3562,B
3563,A
3564,B
3565,A
3566,A
3567,A
3568,B
3569,B
3570,B
3571,B
3572,A
3573,B
3574,A
3575,B
3576,B
3577,B
3578,A
3579,A
3580,A
3581,A
3582,B
3583,B
3584,B
3585,B
3586,A
3587,A
3588,A
3589,B
3590,B
3591,B
3592,B
3593,B
3594,B
3595,B
3596,A
3597,A
3598,B
3599,B
3600,B
3601,B
3602,A
3603,A
3604,B
3605,A
3606,A
3607,B
3608,A
3609,B
3610,B
3611,B
3612,B
3613,A
3614,B
3615,B
3616,A
3617,B
3618,A
3619,A
3620,B
3621,B
3622,A
3623,A
3624,B
3625,B
3626,B
3627,B
3628,B
3629,B
3630,B
3631,B
3632,A
3633,A
3634,A
3635,A
3636,B
3637,B
3638,B
3639,A
3640,A
3641,B
3642,A
3643,B
3644,B
3645,A
3646,A
3647,B
3648,A
3649,B
3650,B
3651,B
3652,B
3653,A
3654,B
3655,A
3656,B
3657,A
3658,B
3659,B
3660,A
3661,B
3662,B
3663,B
3664,B
3665,A
3666,A
3667,B
3668,B
3669,B
3670,A
3671,B
3672,A
3673,A
3674,A
3675,A
3676,B
3677,B
3678,A
3679,A
3680,B
3681,B
3682,B
3683,B
3684,A
3685,B
3686,A
3687,B
3688,A
3689,B
3690,B
3691,B
3692,B
3693,A
3694,B
3695,B
3696,A
3697,A
3698,A
3699,A
3700,B
3701,B
3702,B
3703,B
3704,A
3705,B
3706,A
3707,B
3708,A
3709,A
3710,A
3711,A
3712,A
3713,A
3714,A
3715,A
3716,B
3717,A
3718,B
3719,A
3720,B
3721,B
3722,A
3723,B
3724,B
3725,B
3726,A
3727,A
3728,A
3729,A
3730,B
3731,B
3732,B
3733,B
3734,A
3735,A
3736,A
3737,A
3738,B
3739,B
3740,B
3741,A
3742,B
3743,B
3744,B
3745,B
3746,B
3747,B
3748,A
3749,B
3750,A
3751,A
3752,A
3753,B
3754,B
3755,A
3756,B
3757,B
3758,B
3759,A
3760,B
3761,B
3762,A
3763,A
3764,B
3765,B
3766,A
3767,A
3768,A
3769,B
3770,B
3771,B
3772,B
3773,B
3774,B
3775,A
3776,B
3777,B
3778,A
3779,A
3780,A
3781,A
3782,A
3783,A
3784,A
3785,A
3786,A
3787,B
3788,B
3789,B
3790,A
3791,B
3792,A
3793,A
3794,A
3795,A
3796,B
3797,B
3798,A
3799,B
3800,B
3801,A
3802,B
3803,B
3804,B
3805,A
3806,B
3807,B
3808,A
3809,B
3810,B
3811,A
3812,A
3813,B
3814,A
3815,B
3816,A
3817,A
3818,A
3819,B
3820,B
3821,A
3822,A
3823,B
3824,A
3825,A
3826,A
3827,B
3828,B
3829,A
3830,A
3831,B
3832,B
3833,A
3834,A
3835,A
3836,B
3837,A
3838,B
3839,A
3840,A
3841,A
3842,B
3843,B
3844,A
3845,A
3846,A
3847,B
3848,A
3849,A
3850,B
3851,B
3852,A
3853,B
3854,B
3855,B
3856,B
3857,B
3858,B
3859,B
3860,B
3861,A
3862,A
3863,B
3864,B
3865,A
3866,A
3867,A
3868,A
3869,A
3870,B
3871,B
3872,A
3873,B
3874,A
3875,A
3876,B
3877,B
3878,B
3879,B
3880,A
3881,B
3882,A
3883,B
3884,B
3885,A
3886,A
3887,A
3888,B
3889,A
3890,B
3891,A
3892,A
3893,B
3894,B
3895,A
3896,A
3897,B
3898,B
3899,A
3900,A
3901,B
3902,A
3903,A
3904,B
3905,A
3906,B
3907,B
3908,A
3909,B
3910,B
3911,B
3912,A
3913,A
3914,A
3915,B
3916,B
3917,A
3918,A
3919,B
3920,A
3921,B
3922,A
3923,A
3924,A
3925,A
3926,B
3927,A
3928,B
3929,B
3930,A
3931,B
3932,B
3933,A
3934,A
3935,A
3936,A
3937,A
3938,A
3939,B
3940,B
3941,A
3942,B
3943,B
3944,B
3945,A
3946,A
3947,A
3948,A
3949,B
3950,A
3951,A
3952,A
3953,B
3954,B
3955,B
3956,A
3957,A
3958,B
3959,B
3960,B
3961,A
3962,A
3963,B
3964,B
3965,B
3966,A
3967,A
3968,B
3969,B
3970,A
3971,B
3972,A
3973,A
3974,B
3975,A
3976,A
3977,A
3978,A
3979,A
3980,A
3981,B
3982,A
3983,A
3984,A
3985,A
3986,A
3987,B
3988,A
3989,A
3990,B
3991,A
3992,B
3993,B
3994,A
3995,B
3996,B
3997,A
3998,A
3999,B
4000,B
4001,A
4002,A
4003,A
4004,A
4005,A
4006,B
4007,B
4008,B
4009,B
4010,A
4011,B
4012,B
4013,B
4014,A
4015,A
4016,A
4017,A
4018,B
4019,B
4020,B
4021,B
4022,B
4023,B
4024,B
4025,B
4026,A
4027,B
4028,B
4029,A
4030,B
4031,B
4032,A
4033,A
4034,B
4035,A
4036,A
4037,A
4038,A
4039,B
4040,A
4041,A
4042,B
4043,A
4044,A
4045,A
4046,B
4047,A
4048,A
4049,A
4050,A
4051,A
4052,A
4053,B
4054,A
4055,B
4056,B
4057,B
4058,B
4059,A
4060,A
4061,A
4062,A
4063,A
4064,A
4065,B
4066,A
4067,A
4068,B
4069,A
4070,B
4071,A
4072,A
4073,B
4074,A
4075,A
4076,B
4077,A
4078,A
4079,A
4080,A
4081,B
4082,B
4083,B
4084,B
4085,B
4086,A
4087,A
4088,B
4089,B
4090,A
4091,B
4092,B
4093,A
4094,A
4095,B
4096,B
4097,A
4098,B
4099,B
4100,A
4101,B
4102,B
4103,B
4104,A
4105,A
4106,A
4107,B
4108,B
4109,B
4110,A
4111,B
4112,A
4113,B
4114,B
4115,A
4116,B
4117,B
4118,A
4119,B
4120,B
4121,B
4122,B
4123,A
4124,B
4125,A
4126,B
4127,B
4128,B
4129,A
4130,B
4131,B
4132,A
4133,A
4134,B
4135,A
4136,A
4137,B
4138,A
4139,B
4140,A
4141,A
4142,B
4143,B
4144,B
4145,A
4146,B
4147,B
4148,B
4149,A
4150,B
4151,B
4152,A
4153,B
4154,B
4155,B
4156,B
4157,A
4158,B
4159,B
4160,B
4161,B
4162,B
4163,A
4164,B
4165,B
4166,B
4167,A
4168,B
4169,A
4170,B
4171,B
4172,A
4173,B
4174,B
4175,A
4176,B
4177,B
4178,B
4179,A
4180,A
4181,B
4182,B
4183,A
4184,B
4185,B
4186,A
4187,A
4188,A
4189,B
4190,B
4191,A
4192,B
4193,B
4194,B
4195,B
4196,A
4197,B
4198,A
4199,B
4200,A
4201,A
4202,B
4203,A
4204,B
4205,B
4206,A
4207,A
4208,A
4209,A
4210,B
4211,B
4212,A
4213,A
4214,A
4215,B
4216,A
4217,B
4218,B
4219,A
4220,B
4221,B
4222,B
4223,A
4224,A
4225,B
4226,A
4227,B
4228,A
4229,B
4230,A
4231,A
4232,B
4233,A
4234,B
4235,A
4236,A
4237,A
4238,A
4239,B
4240,B
4241,B
4242,B
4243,A
4244,A
4245,B
4246,B
4247,B
4248,B
4249,A
4250,B
4251,A
4252,A
4253,A
4254,A
4255,A
4256,A
4257,A
4258,B
4259,B
4260,A
4261,B
4262,A
4263,B
4264,B
4265,B
4266,B
4267,B
4268,B
4269,B
4270,B
4271,A
4272,A
4273,A
4274,B
4275,A
4276,A
4277,B
4278,A
4279,A
4280,B
4281,B
4282,A
4283,B
4284,B
4285,A
4286,B
4287,A
4288,B
4289,B
4290,A
4291,B
4292,B
4293,A
4294,B
4295,B
4296,B
4297,B
4298,A
4299,B
4300,B
4301,B
4302,B
4303,B
4304,A
4305,B
4306,A
4307,A
4308,A
4309,A
4310,B
4311,A
4312,B
4313,B
4314,A
4315,A
4316,B
4317,A
4318,B
4319,A
4320,B
4321,B
4322,A
4323,A
4324,A
4325,A
4326,B
4327,A
4328,B
4329,B
4330,B
4331,B
4332,A
4333,A
4334,B
4335,B
4336,A
4337,A
4338,B
4339,B
4340,B
4341,A
4342,A
4343,A
4344,B
4345,A
4346,B
4347,A
4348,B
4349,A
4350,B
4351,B
4352,B
4353,A
4354,A
4355,B
4356,B
4357,B
4358,B
4359,B
4360,B
4361,B
4362,B
4363,B
4364,A
4365,B
4366,B
4367,B
4368,B
4369,A
4370,B
4371,B
4372,B
4373,B
4374,B
4375,A
4376,B
4377,B
4378,B
4379,A
4380,A
4381,A
4382,A
4383,B
4384,B
4385,A
4386,A
4387,B
4388,A
4389,B
4390,A
4391,A
4392,A
4393,A
4394,A
4395,A
4396,B
4397,B
4398,B
4399,B
4400,A
4401,B
4402,A
4403,A
4404,A
4405,B
4406,A
4407,A
4408,A
4409,A
4410,B
4411,A
4412,B
4413,A
4414,B
4415,B
4416,B
4417,B
4418,B
4419,B
4420,B
4421,A
4422,A
4423,B
4424,B
4425,B
4426,A
4427,A
4428,A
4429,B
4430,B
4431,B
4432,A
4433,B
4434,B
4435,B
4436,A
4437,B
4438,B
4439,A
4440,A
4441,A
4442,A
4443,B
4444,B
4445,B
4446,A
4447,A
4448,A
4449,A
4450,B
4451,B
4452,A
4453,B
4454,B
4455,A
4456,B
4457,B
4458,B
4459,A
4460,A
4461,A
4462,A
4463,B
4464,A
4465,B
4466,B
4467,A
4468,A
4469,A
4470,A
4471,B
4472,B
4473,B
4474,A
4475,A
4476,A
4477,A
4478,B
4479,A
4480,B
4481,B
4482,B
4483,A
4484,A
4485,B
4486,A
4487,A
4488,A
4489,B
4490,B
4491,B
4492,B
4493,B
4494,A
4495,A
4496,B
4497,B
4498,B
4499,B
4500,A
4501,B
4502,A
4503,B
4504,A
4505,A
4506,A
4507,B
4508,B
4509,B
4510,B
4511,A
4512,B
4513,B
4514,B
4515,B
4516,B
4517,A
4518,A
4519,A
4520,B
4521,B
4522,A
4523,B
4524,A
4525,A
4526,A
4527,A
4528,A
4529,B
4530,B
4531,B
4532,B
4533,A
4534,A
4535,A
4536,A
4537,B
4538,A
4539,A
4540,A
4541,B
4542,A
4543,A
4544,A
4545,B
4546,B
4547,A
4548,B
4549,B
4550,A
4551,B
4552,B
4553,A
4554,A
4555,B
4556,A
4557,B
4558,A
4559,B
4560,A
4561,B
4562,B
4563,B
4564,B
4565,B
4566,B
4567,B
4568,B
4569,A
4570,B
4571,A
4572,A
4573,B
4574,A
4575,A
4576,A
4577,A
4578,A
4579,A
4580,B
4581,B
4582,A
4583,B
4584,A
4585,A
4586,A
4587,B
4588,B
4589,B
4590,A
4591,B
4592,B
4593,A
4594,B
4595,B
4596,B
4597,B
4598,A
4599,A
4600,A
4601,A
4602,A
4603,A
4604,B
4605,A
4606,A
4607,B
4608,B
4609,A
4610,B
4611,B
4612,A
4613,B
4614,B
4615,A
4616,A
4617,B
4618,B
4619,A
4620,A
4621,B
4622,B
4623,A
4624,A
4625,A
4626,B
4627,A
4628,A
4629,A
4630,B
4631,B
4632,B
4633,A
4634,A
4635,A
4636,A
4637,B
4638,B
4639,A
4640,A
4641,A
4642,A
4643,A
4644,B
4645,A
4646,B
4647,B
4648,A
4649,B
4650,B
4651,A
4652,A
4653,A
4654,A
4655,B
4656,A
4657,B
4658,B
4659,B
4660,A
4661,B
4662,B
4663,A
4664,B
4665,B
4666,A
4667,B
4668,B
4669,B
4670,A
4671,B
4672,A
4673,A
4674,A
4675,B
4676,B
4677,B
4678,B
4679,A
4680,B
4681,B
4682,A
4683,B
4684,A
4685,A
4686,A
4687,A
4688,B
4689,A
4690,A
4691,B
4692,A
4693,A
4694,B
4695,A
4696,B
4697,B
4698,A
4699,B
4700,A
4701,B
4702,B
4703,A
4704,A
4705,B
4706,A
4707,A
4708,A
4709,B
4710,A
4711,B
4712,B
4713,B
4714,A
4715,A
4716,A
4717,A
4718,A
4719,A
4720,B
4721,B
4722,A
4723,B
4724,B
4725,B
4726,A
4727,B
4728,B
4729,B
4730,A
4731,B
4732,A
4733,A
4734,A
4735,A
4736,B
4737,B
4738,B
4739,B
4740,B
4741,B
4742,B
4743,B
4744,A
4745,A
4746,B
4747,A
4748,A
4749,A
4750,B
4751,A
4752,A
4753,B
4754,B
4755,B
4756,A
4757,A
4758,B
4759,B
4760,B
4761,B
4762,B
4763,A
4764,B
4765,A
4766,B
4767,A
4768,A
4769,B
4770,A
4771,A
4772,B
4773,A
4774,A
4775,A
4776,B
4777,B
4778,A
4779,A
4780,B
4781,B
4782,A
4783,A
4784,A
4785,B
4786,A
4787,A
4788,A
4789,B
4790,A
4791,A
4792,A
4793,B
4794,A
4795,A
4796,B
4797,A
4798,B
4799,B
4800,B
4801,B
4802,B
4803,B
4804,A
4805,B
4806,A
4807,B
4808,A
4809,A
4810,B
4811,A
4812,A
4813,B
4814,A
4815,A
4816,B
4817,A
4818,A
4819,B
4820,A
4821,A
4822,B
4823,A
4824,B
4825,B
4826,A
4827,A
4828,B
4829,B
4830,B
4831,B
4832,A
4833,B
4834,A
4835,A
4836,A
4837,A
4838,A
4839,A
4840,A
4841,A
4842,B
4843,A
4844,A
4845,A
4846,B
4847,A
4848,A
4849,A
4850,A
4851,B
4852,B
4853,A
4854,A
4855,B
4856,B
4857,B
4858,B
4859,B
4860,B
4861,A
4862,A
4863,B
4864,B
4865,B
4866,A
4867,B
4868,A
4869,A
4870,B
4871,B
4872,A
4873,A
4874,A
4875,B
4876,B
4877,B
4878,A
4879,B
4880,B
4881,B
4882,A
4883,B
4884,B
4885,B
4886,B
4887,B
4888,A
4889,A
4890,A
4891,A
4892,A
4893,B
4894,A
4895,A
4896,B
4897,A
4898,A
4899,A
4900,A
4901,B
4902,B
4903,A
4904,A
4905,B
4906,A
4907,B
4908,B
4909,A
4910,A
4911,A
4912,A
4913,A
4914,A
4915,A
4916,A
4917,A
4918,A
4919,B
4920,A
4921,A
4922,B
4923,B
4924,A
4925,B
4926,A
4927,B
4928,B
4929,B
4930,A
4931,B
4932,B
4933,B
4934,B
4935,B
4936,B
4937,A
4938,A
4939,A
4940,B
4941,B
4942,B
4943,A
4944,B
4945,B
4946,B
4947,B
4948,B
4949,B
4950,A
4951,A
4952,A
4953,B
4954,A
4955,B
4956,B
4957,A
4958,B
4959,A
4960,A
4961,A
4962,B
4963,B
4964,B
4965,A
4966,A
4967,A
4968,B
4969,B
4970,B
4971,B
4972,A
4973,B
4974,B
4975,A
4976,B
4977,B
4978,A
4979,B
4980,A
4981,B
4982,A
4983,B
4984,A
4985,B
4986,B
4987,A
4988,A
4989,A
4990,B
4991,A
4992,B
4993,A
4994,B
4995,B
4996,A
4997,B
4998,A
4999,A
5000,A
