user_id,event_type,event_date,payment_date,amount
1,payment,2024-02-21,2024-02-21,8990
11,payment,2024-01-29,2024-01-29,4990
12,payment,2024-02-17,2024-02-17,8990
12,payment,2024-01-23,2024-01-23,2990
12,payment,2024-01-30,2024-01-30,4990
16,payment,2024-03-03,2024-03-03,4990
31,payment,2024-02-17,2024-02-17,2990
33,payment,2024-03-25,2024-03-25,4990
47,payment,2024-03-08,2024-03-08,8990
52,payment,2024-01-31,2024-01-31,2990
54,payment,2024-02-20,2024-02-20,8990
56,payment,2024-02-01,2024-02-01,2990
64,payment,2024-03-15,2024-03-15,8990
64,payment,2024-02-23,2024-02-23,8990
64,payment,2024-02-21,2024-02-21,8990
64,payment,2024-02-29,2024-02-29,4990
68,payment,2024-03-14,2024-03-14,4990
68,payment,2024-03-01,2024-03-01,4990
69,payment,2024-01-24,2024-01-24,4990
69,payment,2024-01-30,2024-01-30,4990
85,payment,2024-01-18,2024-01-18,8990
89,payment,2024-03-10,2024-03-10,4990
91,payment,2024-03-01,2024-03-01,8990
92,payment,2024-02-04,2024-02-04,2990
94,payment,2024-02-05,2024-02-05,8990
101,payment,2024-02-25,2024-02-25,4990
108,payment,2024-02-09,2024-02-09,2990
110,payment,2024-02-04,2024-02-04,4990
112,payment,2024-01-27,2024-01-27,2990
114,payment,2024-03-19,2024-03-19,8990
116,payment,2024-02-11,2024-02-11,2990
122,payment,2024-02-21,2024-02-21,4990
123,payment,2024-02-18,2024-02-18,2990
127,payment,2024-02-03,2024-02-03,8990
132,payment,2024-03-07,2024-03-07,2990
132,payment,2024-02-16,2024-02-16,8990
144,payment,2024-02-16,2024-02-16,2990
153,payment,2024-02-16,2024-02-16,8990
155,payment,2024-02-25,2024-02-25,8990
160,payment,2024-03-02,2024-03-02,8990
161,payment,2024-02-26,2024-02-26,8990
162,payment,2024-02-09,2024-02-09,4990
166,payment,2024-01-29,2024-01-29,8990
169,payment,2024-02-23,2024-02-23,4990
170,payment,2024-01-17,2024-01-17,8990
172,payment,2024-01-15,2024-01-15,2990
175,payment,2024-03-15,2024-03-15,2990
184,payment,2024-03-20,2024-03-20,4990
184,payment,2024-03-25,2024-03-25,2990
184,payment,2024-03-13,2024-03-13,8990
185,payment,2024-02-10,2024-02-10,2990
190,payment,2024-03-10,2024-03-10,4990
193,payment,2024-01-11,2024-01-11,2990
196,payment,2024-01-27,2024-01-27,4990
202,payment,2024-02-09,2024-02-09,8990
205,payment,2024-01-07,2024-01-07,8990
215,payment,2024-01-21,2024-01-21,2990
220,payment,2024-01-26,2024-01-26,2990
227,payment,2024-02-25,2024-02-25,2990
229,payment,2024-01-09,2024-01-09,8990
233,payment,2024-02-27,2024-02-27,2990
239,payment,2024-01-13,2024-01-13,8990
240,payment,2024-02-20,2024-02-20,4990
246,payment,2024-02-26,2024-02-26,2990
256,payment,2024-03-08,2024-03-08,2990
258,payment,2024-03-03,2024-03-03,4990
267,payment,2024-02-28,2024-02-28,4990
270,payment,2024-02-24,2024-02-24,4990
275,payment,2024-02-13,2024-02-13,4990
278,payment,2024-02-03,2024-02-03,8990
280,payment,2024-01-30,2024-01-30,2990
282,payment,2024-02-27,2024-02-27,8990
283,payment,2024-03-07,2024-03-07,8990
286,payment,2024-01-15,2024-01-15,4990
290,payment,2024-02-25,2024-02-25,2990
290,payment,2024-03-12,2024-03-12,8990
292,payment,2024-03-14,2024-03-14,8990
293,payment,2024-03-28,2024-03-28,4990
294,payment,2024-02-16,2024-02-16,2990
296,payment,2024-02-06,2024-02-06,2990
298,payment,2024-02-23,2024-02-23,2990
300,payment,2024-01-25,2024-01-25,8990
303,payment,2024-03-01,2024-03-01,4990
307,payment,2024-03-03,2024-03-03,2990
309,payment,2024-01-18,2024-01-18,8990
311,payment,2024-01-31,2024-01-31,8990
316,payment,2024-02-26,2024-02-26,2990
325,payment,2024-02-23,2024-02-23,4990
327,payment,2024-03-09,2024-03-09,4990
335,payment,2024-01-31,2024-01-31,2990
336,payment,2024-03-02,2024-03-02,8990
337,payment,2024-02-09,2024-02-09,4990
339,payment,2024-02-21,2024-02-21,8990
344,payment,2024-02-14,2024-02-14,8990
346,payment,2024-02-21,2024-02-21,4990
350,payment,2024-02-28,2024-02-28,8990
351,payment,2024-01-19,2024-01-19,8990
351,payment,2024-01-15,2024-01-15,2990
351,payment,2024-01-06,2024-01-06,4990
356,payment,2024-03-01,2024-03-01,8990
356,payment,2024-02-28,2024-02-28,4990
360,payment,2024-02-07,2024-02-07,4990
366,payment,2024-01-15,2024-01-15,8990
373,payment,2024-03-18,2024-03-18,4990
375,payment,2024-02-20,2024-02-20,2990
378,payment,2024-03-05,2024-03-05,2990
393,payment,2024-01-24,2024-01-24,8990
394,payment,2024-03-30,2024-03-30,4990
395,payment,2024-02-18,2024-02-18,8990
398,payment,2024-01-23,2024-01-23,4990
400,payment,2024-01-14,2024-01-14,8990
401,payment,2024-02-19,2024-02-19,8990
402,payment,2024-02-29,2024-02-29,4990
409,payment,2024-02-16,2024-02-16,2990
411,payment,2024-01-18,2024-01-18,8990
424,payment,2024-01-09,2024-01-09,2990
424,payment,2024-01-08,2024-01-08,4990
425,payment,2024-02-18,2024-02-18,8990
427,payment,2024-02-16,2024-02-16,4990
433,payment,2024-02-11,2024-02-11,2990
433,payment,2024-02-03,2024-02-03,4990
435,payment,2024-03-21,2024-03-21,8990
439,payment,2024-01-30,2024-01-30,2990
444,payment,2024-02-17,2024-02-17,8990
444,payment,2024-02-04,2024-02-04,2990
447,payment,2024-02-15,2024-02-15,4990
447,payment,2024-03-14,2024-03-14,4990
454,payment,2024-01-27,2024-01-27,8990
464,payment,2024-03-06,2024-03-06,8990
482,payment,2024-03-16,2024-03-16,8990
483,payment,2024-01-26,2024-01-26,2990
494,payment,2024-02-20,2024-02-20,2990
496,payment,2024-02-29,2024-02-29,8990
498,payment,2024-02-18,2024-02-18,2990
499,payment,2024-02-25,2024-02-25,2990
499,payment,2024-03-11,2024-03-11,4990
506,payment,2024-01-27,2024-01-27,4990
507,payment,2024-03-29,2024-03-29,4990
518,payment,2024-01-21,2024-01-21,8990
522,payment,2024-02-03,2024-02-03,4990
530,payment,2024-01-30,2024-01-30,4990
531,payment,2024-03-12,2024-03-12,2990
532,payment,2024-03-12,2024-03-12,4990
539,payment,2024-02-18,2024-02-18,2990
545,payment,2024-03-02,2024-03-02,4990
548,payment,2024-03-11,2024-03-11,8990
549,payment,2024-03-30,2024-03-30,8990
553,payment,2024-02-20,2024-02-20,4990
554,payment,2024-01-27,2024-01-27,4990
560,payment,2024-03-01,2024-03-01,4990
561,payment,2024-03-01,2024-03-01,8990
564,payment,2024-03-11,2024-03-11,2990
564,payment,2024-02-29,2024-02-29,2990
565,payment,2024-02-09,2024-02-09,4990
566,payment,2024-02-06,2024-02-06,8990
567,payment,2024-03-04,2024-03-04,2990
573,payment,2024-03-04,2024-03-04,4990
576,payment,2024-02-28,2024-02-28,8990
578,payment,2024-02-03,2024-02-03,8990
579,payment,2024-03-01,2024-03-01,2990
591,payment,2024-03-02,2024-03-02,8990
595,payment,2024-02-09,2024-02-09,4990
598,payment,2024-03-14,2024-03-14,4990
602,payment,2024-02-25,2024-02-25,2990
606,payment,2024-03-10,2024-03-10,8990
611,payment,2024-03-09,2024-03-09,2990
615,payment,2024-02-13,2024-02-13,2990
617,payment,2024-01-30,2024-01-30,8990
621,payment,2024-02-01,2024-02-01,2990
621,payment,2024-02-09,2024-02-09,8990
627,payment,2024-02-18,2024-02-18,4990
631,payment,2024-02-15,2024-02-15,2990
635,payment,2024-02-27,2024-02-27,8990
635,payment,2024-02-26,2024-02-26,8990
640,payment,2024-01-28,2024-01-28,8990
644,payment,2024-02-03,2024-02-03,2990
647,payment,2024-02-06,2024-02-06,4990
648,payment,2024-03-28,2024-03-28,2990
651,payment,2024-02-28,2024-02-28,4990
654,payment,2024-01-06,2024-01-06,2990
661,payment,2024-02-19,2024-02-19,2990
662,payment,2024-02-14,2024-02-14,2990
668,payment,2024-03-05,2024-03-05,4990
670,payment,2024-02-09,2024-02-09,8990
675,payment,2024-02-16,2024-02-16,2990
677,payment,2024-01-19,2024-01-19,2990
677,payment,2024-01-09,2024-01-09,4990
682,payment,2024-02-25,2024-02-25,2990
683,payment,2024-03-09,2024-03-09,8990
683,payment,2024-03-05,2024-03-05,8990
688,payment,2024-02-22,2024-02-22,4990
689,payment,2024-01-09,2024-01-09,4990
690,payment,2024-03-27,2024-03-27,8990
694,payment,2024-02-18,2024-02-18,8990
697,payment,2024-01-22,2024-01-22,8990
699,payment,2024-02-22,2024-02-22,4990
702,payment,2024-03-03,2024-03-03,8990
702,payment,2024-03-04,2024-03-04,8990
703,payment,2024-03-15,2024-03-15,8990
713,payment,2024-03-07,2024-03-07,2990
717,payment,2024-03-28,2024-03-28,4990
719,payment,2024-02-17,2024-02-17,4990
719,payment,2024-03-01,2024-03-01,4990
722,payment,2024-01-09,2024-01-09,4990
722,payment,2024-01-22,2024-01-22,2990
731,payment,2024-03-04,2024-03-04,2990
735,payment,2024-02-03,2024-02-03,2990
738,payment,2024-03-11,2024-03-11,2990
741,payment,2024-01-25,2024-01-25,2990
744,payment,2024-02-17,2024-02-17,4990
746,payment,2024-01-17,2024-01-17,4990
749,payment,2024-03-04,2024-03-04,4990
757,payment,2024-02-04,2024-02-04,2990
759,payment,2024-02-22,2024-02-22,8990
763,payment,2024-01-24,2024-01-24,4990
769,payment,2024-03-03,2024-03-03,4990
772,payment,2024-03-11,2024-03-11,8990
774,payment,2024-02-12,2024-02-12,2990
780,payment,2024-03-04,2024-03-04,8990
781,payment,2024-02-29,2024-02-29,8990
782,payment,2024-02-01,2024-02-01,4990
788,payment,2024-03-12,2024-03-12,4990
789,payment,2024-03-23,2024-03-23,2990
791,payment,2024-02-08,2024-02-08,8990
792,payment,2024-02-22,2024-02-22,2990
796,payment,2024-01-23,2024-01-23,8990
801,payment,2024-02-20,2024-02-20,4990
806,payment,2024-03-13,2024-03-13,8990
809,payment,2024-03-08,2024-03-08,2990
815,payment,2024-02-05,2024-02-05,8990
816,payment,2024-03-17,2024-03-17,2990
820,payment,2024-02-04,2024-02-04,8990
822,payment,2024-02-16,2024-02-16,4990
828,payment,2024-01-04,2024-01-04,4990
832,payment,2024-01-25,2024-01-25,2990
835,payment,2024-01-10,2024-01-10,4990
835,payment,2024-01-06,2024-01-06,8990
844,payment,2024-02-29,2024-02-29,8990
845,payment,2024-01-27,2024-01-27,4990
846,payment,2024-01-20,2024-01-20,2990
851,payment,2024-02-14,2024-02-14,8990
858,payment,2024-01-13,2024-01-13,2990
858,payment,2024-01-24,2024-01-24,8990
859,payment,2024-03-26,2024-03-26,2990
868,payment,2024-03-04,2024-03-04,2990
872,payment,2024-03-02,2024-03-02,8990
876,payment,2024-02-14,2024-02-14,8990
879,payment,2024-03-15,2024-03-15,2990
882,payment,2024-01-28,2024-01-28,8990
883,payment,2024-02-07,2024-02-07,4990
883,payment,2024-01-16,2024-01-16,8990
884,payment,2024-03-15,2024-03-15,2990
888,payment,2024-02-28,2024-02-28,8990
896,payment,2024-03-01,2024-03-01,8990
898,payment,2024-01-17,2024-01-17,2990
898,payment,2024-02-01,2024-02-01,8990
902,payment,2024-03-11,2024-03-11,2990
903,payment,2024-03-23,2024-03-23,2990
904,payment,2024-03-22,2024-03-22,2990
906,payment,2024-02-08,2024-02-08,2990
908,payment,2024-02-29,2024-02-29,4990
912,payment,2024-02-15,2024-02-15,4990
921,payment,2024-03-19,2024-03-19,2990
923,payment,2024-02-20,2024-02-20,8990
925,payment,2024-02-07,2024-02-07,4990
932,payment,2024-02-14,2024-02-14,2990
934,payment,2024-02-11,2024-02-11,4990
935,payment,2024-03-13,2024-03-13,2990
935,payment,2024-02-25,2024-02-25,4990
940,payment,2024-01-29,2024-01-29,2990
943,payment,2024-02-25,2024-02-25,4990
944,payment,2024-02-19,2024-02-19,4990
954,payment,2024-02-10,2024-02-10,8990
958,payment,2024-02-06,2024-02-06,4990
961,payment,2024-02-23,2024-02-23,8990
962,payment,2024-01-16,2024-01-16,4990
979,payment,2024-02-22,2024-02-22,2990
983,payment,2024-03-03,2024-03-03,8990
990,payment,2024-02-20,2024-02-20,4990
991,payment,2024-02-11,2024-02-11,8990
995,payment,2024-03-05,2024-03-05,2990
997,payment,2024-03-16,2024-03-16,2990
999,payment,2024-02-21,2024-02-21,2990
1002,payment,2024-01-30,2024-01-30,2990
1009,payment,2024-02-29,2024-02-29,2990
1011,payment,2024-03-11,2024-03-11,8990
1013,payment,2024-01-27,2024-01-27,8990
1014,payment,2024-01-06,2024-01-06,4990
1016,payment,2024-02-20,2024-02-20,4990
1018,payment,2024-02-12,2024-02-12,2990
1023,payment,2024-02-16,2024-02-16,2990
1028,payment,2024-03-24,2024-03-24,8990
1033,payment,2024-01-03,2024-01-03,2990
1034,payment,2024-03-01,2024-03-01,2990
1035,payment,2024-02-18,2024-02-18,2990
1035,payment,2024-02-19,2024-02-19,4990
1037,payment,2024-02-08,2024-02-08,8990
1037,payment,2024-02-01,2024-02-01,4990
1040,payment,2024-02-26,2024-02-26,2990
1041,payment,2024-01-23,2024-01-23,2990
1044,payment,2024-01-28,2024-01-28,4990
1047,payment,2024-02-02,2024-02-02,4990
1054,payment,2024-03-15,2024-03-15,8990
1060,payment,2024-02-10,2024-02-10,2990
1065,payment,2024-02-26,2024-02-26,2990
1066,payment,2024-03-08,2024-03-08,4990
1069,payment,2024-02-05,2024-02-05,8990
1071,payment,2024-03-28,2024-03-28,8990
1074,payment,2024-03-10,2024-03-10,2990
1078,payment,2024-02-26,2024-02-26,2990
1081,payment,2024-03-08,2024-03-08,4990
1085,payment,2024-03-22,2024-03-22,2990
1091,payment,2024-03-19,2024-03-19,4990
1091,payment,2024-03-13,2024-03-13,2990
1096,payment,2024-02-21,2024-02-21,2990
1107,payment,2024-02-05,2024-02-05,2990
1108,payment,2024-01-21,2024-01-21,8990
1108,payment,2024-01-09,2024-01-09,2990
1111,payment,2024-01-22,2024-01-22,2990
1120,payment,2024-03-09,2024-03-09,8990
1121,payment,2024-03-23,2024-03-23,8990
1124,payment,2024-01-20,2024-01-20,2990
1124,payment,2024-02-10,2024-02-10,8990
1129,payment,2024-03-02,2024-03-02,8990
1139,payment,2024-02-17,2024-02-17,8990
1145,payment,2024-02-10,2024-02-10,8990
1146,payment,2024-01-30,2024-01-30,4990
1148,payment,2024-03-23,2024-03-23,2990
1149,payment,2024-02-19,2024-02-19,4990
1150,payment,2024-03-20,2024-03-20,2990
1151,payment,2024-02-12,2024-02-12,8990
1153,payment,2024-02-25,2024-02-25,4990
1157,payment,2024-03-11,2024-03-11,8990
1161,payment,2024-01-05,2024-01-05,8990
1162,payment,2024-01-27,2024-01-27,8990
1163,payment,2024-03-04,2024-03-04,2990
1166,payment,2024-03-04,2024-03-04,8990
1166,payment,2024-02-24,2024-02-24,2990
1169,payment,2024-03-23,2024-03-23,2990
1177,payment,2024-01-02,2024-01-02,8990
1181,payment,2024-03-23,2024-03-23,2990
1186,payment,2024-03-07,2024-03-07,4990
1191,payment,2024-03-15,2024-03-15,2990
1194,payment,2024-03-12,2024-03-12,8990
1200,payment,2024-02-27,2024-02-27,8990
1201,payment,2024-02-06,2024-02-06,4990
1203,payment,2024-01-16,2024-01-16,4990
1208,payment,2024-02-05,2024-02-05,2990
1211,payment,2024-02-17,2024-02-17,2990
1213,payment,2024-01-27,2024-01-27,4990
1216,payment,2024-01-08,2024-01-08,8990
1216,payment,2024-01-10,2024-01-10,8990
1227,payment,2024-02-24,2024-02-24,4990
1231,payment,2024-03-02,2024-03-02,4990
1232,payment,2024-01-22,2024-01-22,8990
1233,payment,2024-02-21,2024-02-21,8990
1241,payment,2024-03-24,2024-03-24,2990
1244,payment,2024-01-27,2024-01-27,4990
1245,payment,2024-02-15,2024-02-15,4990
1246,payment,2024-03-11,2024-03-11,4990
1249,payment,2024-02-05,2024-02-05,8990
1250,payment,2024-02-12,2024-02-12,2990
1250,payment,2024-02-16,2024-02-16,8990
1262,payment,2024-01-15,2024-01-15,4990
1266,payment,2024-02-19,2024-02-19,4990
1269,payment,2024-02-07,2024-02-07,4990
1271,payment,2024-02-18,2024-02-18,4990
1272,payment,2024-02-05,2024-02-05,4990
1272,payment,2024-01-28,2024-01-28,8990
1280,payment,2024-02-29,2024-02-29,2990
1286,payment,2024-03-27,2024-03-27,4990
1287,payment,2024-01-30,2024-01-30,4990
1288,payment,2024-01-29,2024-01-29,4990
1289,payment,2024-01-23,2024-01-23,8990
1291,payment,2024-02-05,2024-02-05,8990
1292,payment,2024-03-16,2024-03-16,4990
1294,payment,2024-02-20,2024-02-20,4990
1294,payment,2024-03-02,2024-03-02,4990
1294,payment,2024-02-27,2024-02-27,4990
1296,payment,2024-01-08,2024-01-08,4990
1296,payment,2024-01-27,2024-01-27,8990
1298,payment,2024-03-14,2024-03-14,4990
1301,payment,2024-01-20,2024-01-20,4990
1305,payment,2024-01-29,2024-01-29,4990
1308,payment,2024-02-12,2024-02-12,8990
1310,payment,2024-02-19,2024-02-19,4990
1314,payment,2024-02-08,2024-02-08,8990
1319,payment,2024-02-28,2024-02-28,2990
1321,payment,2024-01-24,2024-01-24,8990
1328,payment,2024-02-26,2024-02-26,4990
1328,payment,2024-02-16,2024-02-16,8990
1329,payment,2024-01-04,2024-01-04,4990
1330,payment,2024-01-21,2024-01-21,8990
1330,payment,2024-02-17,2024-02-17,8990
1336,payment,2024-01-31,2024-01-31,2990
1337,payment,2024-02-06,2024-02-06,8990
1342,payment,2024-02-25,2024-02-25,2990
1344,payment,2024-02-18,2024-02-18,2990
1346,payment,2024-03-10,2024-03-10,8990
1350,payment,2024-03-14,2024-03-14,8990
1350,payment,2024-02-23,2024-02-23,8990
1352,payment,2024-01-15,2024-01-15,2990
1354,payment,2024-02-13,2024-02-13,4990
1359,payment,2024-02-20,2024-02-20,4990
1368,payment,2024-03-06,2024-03-06,2990
1370,payment,2024-03-03,2024-03-03,2990
1373,payment,2024-01-19,2024-01-19,8990
1383,payment,2024-02-11,2024-02-11,8990
1387,payment,2024-02-27,2024-02-27,4990
1388,payment,2024-02-05,2024-02-05,4990
1390,payment,2024-03-17,2024-03-17,4990
1393,payment,2024-02-12,2024-02-12,8990
1401,payment,2024-03-10,2024-03-10,8990
1405,payment,2024-02-25,2024-02-25,2990
1411,payment,2024-01-31,2024-01-31,8990
1412,payment,2024-01-10,2024-01-10,4990
1412,payment,2024-02-02,2024-02-02,2990
1413,payment,2024-01-16,2024-01-16,8990
1421,payment,2024-02-10,2024-02-10,4990
1422,payment,2024-03-03,2024-03-03,8990
1424,payment,2024-02-22,2024-02-22,2990
1425,payment,2024-02-19,2024-02-19,8990
1426,payment,2024-03-01,2024-03-01,4990
1429,payment,2024-03-17,2024-03-17,2990
1429,payment,2024-03-23,2024-03-23,4990
1433,payment,2024-02-16,2024-02-16,2990
1436,payment,2024-01-07,2024-01-07,8990
1436,payment,2024-01-17,2024-01-17,8990
1438,payment,2024-01-17,2024-01-17,4990
1438,payment,2024-01-17,2024-01-17,8990
1442,payment,2024-01-27,2024-01-27,2990
1443,payment,2024-02-26,2024-02-26,8990
1448,payment,2024-02-25,2024-02-25,8990
1451,payment,2024-01-28,2024-01-28,8990
1464,payment,2024-02-24,2024-02-24,8990
1472,payment,2024-02-26,2024-02-26,8990
1476,payment,2024-01-12,2024-01-12,8990
1481,payment,2024-02-09,2024-02-09,8990
1481,payment,2024-01-31,2024-01-31,8990
1483,payment,2024-02-09,2024-02-09,4990
1483,payment,2024-02-10,2024-02-10,4990
1484,payment,2024-02-20,2024-02-20,8990
1488,payment,2024-01-23,2024-01-23,4990
1488,payment,2024-01-19,2024-01-19,8990
1491,payment,2024-01-26,2024-01-26,8990
1493,payment,2024-03-04,2024-03-04,8990
1513,payment,2024-03-17,2024-03-17,4990
1515,payment,2024-01-27,2024-01-27,2990
1517,payment,2024-03-04,2024-03-04,8990
1527,payment,2024-02-18,2024-02-18,8990
1528,payment,2024-03-23,2024-03-23,2990
1530,payment,2024-03-15,2024-03-15,4990
1530,payment,2024-02-28,2024-02-28,2990
1534,payment,2024-02-22,2024-02-22,8990
1536,payment,2024-01-17,2024-01-17,2990
1537,payment,2024-02-09,2024-02-09,8990
1542,payment,2024-01-31,2024-01-31,4990
1545,payment,2024-03-23,2024-03-23,4990
1546,payment,2024-02-17,2024-02-17,4990
1546,payment,2024-02-08,2024-02-08,8990
1552,payment,2024-01-16,2024-01-16,4990
1552,payment,2024-01-28,2024-01-28,2990
1555,payment,2024-01-07,2024-01-07,4990
1560,payment,2024-02-14,2024-02-14,8990
1570,payment,2024-03-09,2024-03-09,2990
1573,payment,2024-02-18,2024-02-18,2990
1576,payment,2024-02-25,2024-02-25,2990
1578,payment,2024-01-26,2024-01-26,2990
1580,payment,2024-02-19,2024-02-19,8990
1582,payment,2024-02-02,2024-02-02,4990
1586,payment,2024-02-03,2024-02-03,2990
1587,payment,2024-02-25,2024-02-25,4990
1589,payment,2024-02-16,2024-02-16,4990
1590,payment,2024-02-25,2024-02-25,4990
1592,payment,2024-02-07,2024-02-07,4990
1593,payment,2024-03-01,2024-03-01,8990
1594,payment,2024-02-26,2024-02-26,2990
1598,payment,2024-03-01,2024-03-01,2990
1599,payment,2024-01-18,2024-01-18,4990
1601,payment,2024-02-14,2024-02-14,2990
1602,payment,2024-02-29,2024-02-29,4990
1602,payment,2024-03-04,2024-03-04,8990
1603,payment,2024-03-01,2024-03-01,2990
1610,payment,2024-02-19,2024-02-19,4990
1612,payment,2024-02-17,2024-02-17,2990
1614,payment,2024-02-13,2024-02-13,4990
1614,payment,2024-02-12,2024-02-12,2990
1617,payment,2024-01-08,2024-01-08,8990
1621,payment,2024-03-06,2024-03-06,2990
1621,payment,2024-03-15,2024-03-15,8990
1621,payment,2024-03-17,2024-03-17,8990
1624,payment,2024-02-04,2024-02-04,4990
1630,payment,2024-01-25,2024-01-25,4990
1636,payment,2024-01-09,2024-01-09,2990
1639,payment,2024-02-05,2024-02-05,8990
1639,payment,2024-01-18,2024-01-18,4990
1640,payment,2024-02-08,2024-02-08,8990
1641,payment,2024-02-15,2024-02-15,8990
1645,payment,2024-01-25,2024-01-25,8990
1646,payment,2024-03-08,2024-03-08,2990
1652,payment,2024-01-28,2024-01-28,8990
1652,payment,2024-01-30,2024-01-30,8990
1655,payment,2024-02-24,2024-02-24,2990
1660,payment,2024-03-07,2024-03-07,2990
1663,payment,2024-03-06,2024-03-06,4990
1669,payment,2024-02-23,2024-02-23,8990
1670,payment,2024-02-22,2024-02-22,8990
1683,payment,2024-02-27,2024-02-27,2990
1684,payment,2024-02-06,2024-02-06,2990
1686,payment,2024-02-14,2024-02-14,4990
1690,payment,2024-02-19,2024-02-19,2990
1692,payment,2024-01-13,2024-01-13,2990
1696,payment,2024-01-25,2024-01-25,2990
1701,payment,2024-02-10,2024-02-10,2990
1707,payment,2024-01-11,2024-01-11,4990
1712,payment,2024-03-11,2024-03-11,8990
1716,payment,2024-02-25,2024-02-25,8990
1722,payment,2024-02-08,2024-02-08,8990
1725,payment,2024-03-09,2024-03-09,8990
1725,payment,2024-03-08,2024-03-08,8990
1726,payment,2024-03-01,2024-03-01,2990
1727,payment,2024-02-19,2024-02-19,8990
1730,payment,2024-02-20,2024-02-20,2990
1734,payment,2024-02-08,2024-02-08,8990
1741,payment,2024-01-31,2024-01-31,8990
1743,payment,2024-03-16,2024-03-16,2990
1755,payment,2024-02-29,2024-02-29,8990
1760,payment,2024-02-28,2024-02-28,2990
1762,payment,2024-02-17,2024-02-17,4990
1765,payment,2024-01-21,2024-01-21,4990
1766,payment,2024-02-04,2024-02-04,4990
1776,payment,2024-02-09,2024-02-09,8990
1776,payment,2024-02-04,2024-02-04,8990
1779,payment,2024-01-21,2024-01-21,8990
1783,payment,2024-02-08,2024-02-08,8990
1786,payment,2024-03-11,2024-03-11,2990
1787,payment,2024-02-05,2024-02-05,4990
1790,payment,2024-02-27,2024-02-27,2990
1791,payment,2024-02-26,2024-02-26,4990
1792,payment,2024-01-17,2024-01-17,4990
1795,payment,2024-03-17,2024-03-17,2990
1805,payment,2024-01-08,2024-01-08,2990
1816,payment,2024-01-28,2024-01-28,2990
1821,payment,2024-02-24,2024-02-24,4990
1825,payment,2024-03-05,2024-03-05,2990
1830,payment,2024-01-24,2024-01-24,8990
1830,payment,2024-01-26,2024-01-26,2990
1832,payment,2024-02-19,2024-02-19,4990
1836,payment,2024-03-22,2024-03-22,4990
1840,payment,2024-01-30,2024-01-30,2990
1843,payment,2024-02-25,2024-02-25,2990
1844,payment,2024-02-04,2024-02-04,4990
1847,payment,2024-02-12,2024-02-12,4990
1849,payment,2024-01-27,2024-01-27,2990
1852,payment,2024-02-22,2024-02-22,8990
1860,payment,2024-02-13,2024-02-13,8990
1861,payment,2024-03-09,2024-03-09,8990
1863,payment,2024-02-15,2024-02-15,4990
1864,payment,2024-02-20,2024-02-20,8990
1865,payment,2024-02-25,2024-02-25,8990
1866,payment,2024-01-07,2024-01-07,2990
1868,payment,2024-02-29,2024-02-29,2990
1870,payment,2024-03-10,2024-03-10,8990
1875,payment,2024-02-03,2024-02-03,4990
1878,payment,2024-02-22,2024-02-22,8990
1879,payment,2024-03-10,2024-03-10,2990
1882,payment,2024-03-21,2024-03-21,2990
1884,payment,2024-02-04,2024-02-04,2990
1885,payment,2024-03-21,2024-03-21,8990
1890,payment,2024-02-04,2024-02-04,4990
1891,payment,2024-02-02,2024-02-02,8990
1891,payment,2024-01-30,2024-01-30,2990
1900,payment,2024-02-01,2024-02-01,2990
1900,payment,2024-02-06,2024-02-06,2990
1908,payment,2024-03-19,2024-03-19,2990
1911,payment,2024-03-08,2024-03-08,8990
1913,payment,2024-03-08,2024-03-08,8990
1916,payment,2024-01-29,2024-01-29,4990
1922,payment,2024-01-23,2024-01-23,2990
1925,payment,2024-01-19,2024-01-19,8990
1930,payment,2024-03-10,2024-03-10,8990
1940,payment,2024-02-23,2024-02-23,2990
1941,payment,2024-03-04,2024-03-04,8990
1951,payment,2024-02-29,2024-02-29,2990
1954,payment,2024-03-04,2024-03-04,4990
1956,payment,2024-01-24,2024-01-24,2990
1959,payment,2024-02-16,2024-02-16,2990
1960,payment,2024-01-29,2024-01-29,8990
1960,payment,2024-02-08,2024-02-08,4990
1961,payment,2024-02-28,2024-02-28,4990
1962,payment,2024-02-22,2024-02-22,8990
1962,payment,2024-01-25,2024-01-25,4990
1964,payment,2024-02-12,2024-02-12,4990
1964,payment,2024-03-09,2024-03-09,2990
1969,payment,2024-02-04,2024-02-04,8990
1974,payment,2024-02-14,2024-02-14,4990
1976,payment,2024-02-14,2024-02-14,4990
1982,payment,2024-02-22,2024-02-22,4990
1983,payment,2024-02-05,2024-02-05,2990
1990,payment,2024-02-28,2024-02-28,2990
1991,payment,2024-02-22,2024-02-22,8990
1993,payment,2024-03-29,2024-03-29,8990
1996,payment,2024-02-27,2024-02-27,2990
2006,payment,2024-03-03,2024-03-03,8990
2007,payment,2024-03-07,2024-03-07,8990
2012,payment,2024-01-22,2024-01-22,8990
2015,payment,2024-02-16,2024-02-16,2990
2028,payment,2024-01-18,2024-01-18,2990
2030,payment,2024-02-25,2024-02-25,4990
2033,payment,2024-02-04,2024-02-04,4990
2034,payment,2024-02-19,2024-02-19,4990
2036,payment,2024-02-07,2024-02-07,4990
2037,payment,2024-01-14,2024-01-14,8990
2041,payment,2024-02-21,2024-02-21,8990
2041,payment,2024-02-28,2024-02-28,2990
2044,payment,2024-02-12,2024-02-12,8990
2050,payment,2024-02-20,2024-02-20,8990
2050,payment,2024-02-23,2024-02-23,8990
2055,payment,2024-02-02,2024-02-02,4990
2060,payment,2024-01-23,2024-01-23,2990
2066,payment,2024-03-03,2024-03-03,4990
2068,payment,2024-02-18,2024-02-18,8990
2068,payment,2024-02-26,2024-02-26,8990
2069,payment,2024-02-29,2024-02-29,2990
2073,payment,2024-02-19,2024-02-19,4990
2073,payment,2024-03-12,2024-03-12,8990
2078,payment,2024-01-22,2024-01-22,2990
2080,payment,2024-03-12,2024-03-12,8990
2083,payment,2024-03-05,2024-03-05,8990
2088,payment,2024-03-08,2024-03-08,2990
2091,payment,2024-02-22,2024-02-22,2990
2092,payment,2024-03-02,2024-03-02,8990
2093,payment,2024-03-05,2024-03-05,2990
2097,payment,2024-01-13,2024-01-13,8990
2098,payment,2024-02-12,2024-02-12,4990
2103,payment,2024-03-02,2024-03-02,8990
2114,payment,2024-01-08,2024-01-08,2990
2114,payment,2024-01-22,2024-01-22,4990
2120,payment,2024-02-13,2024-02-13,2990
2130,payment,2024-03-24,2024-03-24,8990
2132,payment,2024-01-28,2024-01-28,2990
2132,payment,2024-02-21,2024-02-21,8990
2133,payment,2024-03-04,2024-03-04,2990
2133,payment,2024-03-12,2024-03-12,2990
2135,payment,2024-02-13,2024-02-13,8990
2137,payment,2024-03-25,2024-03-25,4990
2146,payment,2024-02-10,2024-02-10,8990
2149,payment,2024-01-28,2024-01-28,4990
2150,payment,2024-01-26,2024-01-26,4990
2156,payment,2024-03-10,2024-03-10,4990
2158,payment,2024-01-07,2024-01-07,4990
2159,payment,2024-02-27,2024-02-27,8990
2160,payment,2024-02-20,2024-02-20,8990
2165,payment,2024-02-18,2024-02-18,4990
2167,payment,2024-01-19,2024-01-19,4990
2171,payment,2024-03-10,2024-03-10,4990
2171,payment,2024-02-15,2024-02-15,4990
2172,payment,2024-02-07,2024-02-07,4990
2175,payment,2024-03-13,2024-03-13,4990
2175,payment,2024-03-27,2024-03-27,2990
2180,payment,2024-03-02,2024-03-02,4990
2181,payment,2024-01-30,2024-01-30,2990
2182,payment,2024-02-27,2024-02-27,8990
2184,payment,2024-02-21,2024-02-21,8990
2186,payment,2024-03-07,2024-03-07,4990
2187,payment,2024-03-26,2024-03-26,8990
2187,payment,2024-03-13,2024-03-13,8990
2192,payment,2024-03-09,2024-03-09,4990
2193,payment,2024-03-12,2024-03-12,8990
2208,payment,2024-02-02,2024-02-02,8990
2211,payment,2024-01-14,2024-01-14,4990
2213,payment,2024-02-01,2024-02-01,4990
2219,payment,2024-03-04,2024-03-04,4990
2219,payment,2024-03-10,2024-03-10,2990
2221,payment,2024-02-19,2024-02-19,4990
2226,payment,2024-02-23,2024-02-23,8990
2231,payment,2024-02-29,2024-02-29,4990
2232,payment,2024-01-19,2024-01-19,2990
2236,payment,2024-03-01,2024-03-01,8990
2238,payment,2024-03-29,2024-03-29,2990
2240,payment,2024-02-28,2024-02-28,8990
2255,payment,2024-01-15,2024-01-15,4990
2256,payment,2024-03-24,2024-03-24,2990
2258,payment,2024-02-10,2024-02-10,4990
2262,payment,2024-01-22,2024-01-22,8990
2266,payment,2024-02-04,2024-02-04,4990
2266,payment,2024-02-04,2024-02-04,4990
2267,payment,2024-02-09,2024-02-09,8990
2278,payment,2024-02-05,2024-02-05,2990
2280,payment,2024-01-28,2024-01-28,8990
2282,payment,2024-03-01,2024-03-01,8990
2282,payment,2024-02-26,2024-02-26,4990
2295,payment,2024-02-29,2024-02-29,8990
2298,payment,2024-03-21,2024-03-21,2990
2299,payment,2024-02-21,2024-02-21,8990
2300,payment,2024-02-18,2024-02-18,8990
2304,payment,2024-01-05,2024-01-05,4990
2305,payment,2024-02-16,2024-02-16,2990
2316,payment,2024-02-28,2024-02-28,4990
2316,payment,2024-02-02,2024-02-02,4990
2317,payment,2024-02-17,2024-02-17,2990
2321,payment,2024-02-28,2024-02-28,2990
2324,payment,2024-01-19,2024-01-19,8990
2328,payment,2024-03-05,2024-03-05,2990
2329,payment,2024-01-24,2024-01-24,4990
2333,payment,2024-02-04,2024-02-04,2990
2333,payment,2024-02-03,2024-02-03,2990
2338,payment,2024-01-25,2024-01-25,2990
2338,payment,2024-02-24,2024-02-24,4990
2342,payment,2024-02-10,2024-02-10,8990
2342,payment,2024-01-20,2024-01-20,8990
2348,payment,2024-02-27,2024-02-27,4990
2349,payment,2024-02-03,2024-02-03,8990
2352,payment,2024-03-03,2024-03-03,8990
2361,payment,2024-02-04,2024-02-04,4990
2368,payment,2024-01-20,2024-01-20,4990
2368,payment,2024-02-06,2024-02-06,8990
2371,payment,2024-02-06,2024-02-06,2990
2376,payment,2024-02-19,2024-02-19,8990
2377,payment,2024-01-30,2024-01-30,2990
2379,payment,2024-02-03,2024-02-03,4990
2380,payment,2024-02-26,2024-02-26,2990
2383,payment,2024-03-11,2024-03-11,2990
2392,payment,2024-02-02,2024-02-02,2990
2399,payment,2024-02-24,2024-02-24,4990
2404,payment,2024-01-21,2024-01-21,8990
2404,payment,2024-02-10,2024-02-10,8990
2405,payment,2024-02-21,2024-02-21,2990
2408,payment,2024-03-18,2024-03-18,8990
2409,payment,2024-02-21,2024-02-21,4990
2420,payment,2024-03-06,2024-03-06,4990
2425,payment,2024-02-16,2024-02-16,4990
2425,payment,2024-02-07,2024-02-07,4990
2440,payment,2024-02-04,2024-02-04,8990
2441,payment,2024-03-02,2024-03-02,2990
2443,payment,2024-03-20,2024-03-20,2990
2447,payment,2024-01-10,2024-01-10,2990
2447,payment,2024-02-01,2024-02-01,4990
2449,payment,2024-02-29,2024-02-29,8990
2452,payment,2024-03-05,2024-03-05,8990
2459,payment,2024-03-10,2024-03-10,8990
2459,payment,2024-03-12,2024-03-12,8990
2461,payment,2024-01-28,2024-01-28,8990
2462,payment,2024-03-01,2024-03-01,8990
2463,payment,2024-01-26,2024-01-26,2990
2472,payment,2024-03-08,2024-03-08,4990
2476,payment,2024-01-26,2024-01-26,2990
2478,payment,2024-02-03,2024-02-03,8990
2482,payment,2024-01-24,2024-01-24,4990
2483,payment,2024-01-11,2024-01-11,4990
2485,payment,2024-01-16,2024-01-16,4990
2485,payment,2024-02-10,2024-02-10,4990
2486,payment,2024-02-03,2024-02-03,8990
2486,payment,2024-01-16,2024-01-16,8990
2487,payment,2024-01-10,2024-01-10,4990
2492,payment,2024-02-14,2024-02-14,8990
2497,payment,2024-01-22,2024-01-22,4990
2498,payment,2024-02-23,2024-02-23,8990
2502,payment,2024-02-07,2024-02-07,4990
2511,payment,2024-02-18,2024-02-18,8990
2516,payment,2024-03-05,2024-03-05,2990
2525,payment,2024-02-07,2024-02-07,2990
2538,payment,2024-02-06,2024-02-06,8990
2539,payment,2024-02-07,2024-02-07,8990
2539,payment,2024-02-15,2024-02-15,2990
2539,payment,2024-02-12,2024-02-12,8990
2541,payment,2024-01-16,2024-01-16,4990
2545,payment,2024-02-29,2024-02-29,8990
2549,payment,2024-02-14,2024-02-14,8990
2550,payment,2024-02-12,2024-02-12,2990
2552,payment,2024-02-12,2024-02-12,2990
2552,payment,2024-02-20,2024-02-20,8990
2552,payment,2024-02-03,2024-02-03,4990
2553,payment,2024-03-12,2024-03-12,8990
2555,payment,2024-03-13,2024-03-13,4990
2556,payment,2024-01-29,2024-01-29,4990
2565,payment,2024-02-23,2024-02-23,8990
2565,payment,2024-02-21,2024-02-21,4990
2569,payment,2024-02-16,2024-02-16,2990
2569,payment,2024-02-21,2024-02-21,4990
2572,payment,2024-02-12,2024-02-12,4990
2577,payment,2024-03-07,2024-03-07,4990
2578,payment,2024-03-16,2024-03-16,2990
2579,payment,2024-01-22,2024-01-22,2990
2580,payment,2024-01-11,2024-01-11,8990
2582,payment,2024-02-07,2024-02-07,4990
2585,payment,2024-02-04,2024-02-04,2990
2588,payment,2024-02-25,2024-02-25,4990
2593,payment,2024-02-08,2024-02-08,4990
2597,payment,2024-01-27,2024-01-27,8990
2597,payment,2024-02-09,2024-02-09,4990
2599,payment,2024-03-20,2024-03-20,2990
2607,payment,2024-03-31,2024-03-31,8990
2610,payment,2024-03-14,2024-03-14,8990
2612,payment,2024-01-25,2024-01-25,4990
2614,payment,2024-01-17,2024-01-17,4990
2617,payment,2024-02-10,2024-02-10,2990
2619,payment,2024-02-01,2024-02-01,4990
2622,payment,2024-02-01,2024-02-01,2990
2623,payment,2024-02-11,2024-02-11,4990
2626,payment,2024-01-30,2024-01-30,2990
2629,payment,2024-03-18,2024-03-18,4990
2633,payment,2024-03-12,2024-03-12,8990
2635,payment,2024-01-26,2024-01-26,2990
2642,payment,2024-02-15,2024-02-15,8990
2645,payment,2024-02-15,2024-02-15,8990
2646,payment,2024-02-18,2024-02-18,8990
2649,payment,2024-01-23,2024-01-23,8990
2649,payment,2024-02-02,2024-02-02,2990
2650,payment,2024-02-05,2024-02-05,4990
2651,payment,2024-02-21,2024-02-21,8990
2655,payment,2024-03-11,2024-03-11,4990
2656,payment,2024-02-04,2024-02-04,2990
2656,payment,2024-02-11,2024-02-11,4990
2659,payment,2024-03-01,2024-03-01,2990
2663,payment,2024-01-21,2024-01-21,4990
2665,payment,2024-02-21,2024-02-21,2990
2672,payment,2024-01-16,2024-01-16,2990
2672,payment,2024-01-18,2024-01-18,4990
2675,payment,2024-03-15,2024-03-15,8990
2677,payment,2024-02-05,2024-02-05,8990
2677,payment,2024-01-25,2024-01-25,4990
2681,payment,2024-01-18,2024-01-18,8990
2683,payment,2024-01-21,2024-01-21,8990
2684,payment,2024-02-14,2024-02-14,2990
2684,payment,2024-02-24,2024-02-24,4990
2684,payment,2024-02-01,2024-02-01,8990
2685,payment,2024-02-06,2024-02-06,8990
2692,payment,2024-03-10,2024-03-10,8990
2692,payment,2024-02-29,2024-02-29,4990
2693,payment,2024-01-26,2024-01-26,8990
2696,payment,2024-03-19,2024-03-19,8990
2696,payment,2024-03-12,2024-03-12,8990
2700,payment,2024-02-11,2024-02-11,2990
2702,payment,2024-02-28,2024-02-28,4990
2708,payment,2024-03-14,2024-03-14,8990
2709,payment,2024-02-08,2024-02-08,2990
2712,payment,2024-01-31,2024-01-31,4990
2714,payment,2024-03-03,2024-03-03,2990
2716,payment,2024-03-20,2024-03-20,2990
2718,payment,2024-02-25,2024-02-25,4990
2719,payment,2024-02-18,2024-02-18,8990
2719,payment,2024-02-07,2024-02-07,8990
2719,payment,2024-03-05,2024-03-05,2990
2726,payment,2024-02-18,2024-02-18,4990
2726,payment,2024-02-11,2024-02-11,4990
2732,payment,2024-01-09,2024-01-09,8990
2735,payment,2024-02-10,2024-02-10,2990
2739,payment,2024-03-01,2024-03-01,8990
2743,payment,2024-01-10,2024-01-10,4990
2744,payment,2024-03-25,2024-03-25,4990
2745,payment,2024-03-13,2024-03-13,8990
2745,payment,2024-03-03,2024-03-03,8990
2748,payment,2024-01-26,2024-01-26,4990
2752,payment,2024-02-08,2024-02-08,2990
2754,payment,2024-01-27,2024-01-27,4990
2755,payment,2024-02-24,2024-02-24,2990
2759,payment,2024-02-06,2024-02-06,8990
2760,payment,2024-01-26,2024-01-26,8990
2767,payment,2024-02-08,2024-02-08,2990
2769,payment,2024-02-11,2024-02-11,4990
2770,payment,2024-02-27,2024-02-27,4990
2774,payment,2024-02-23,2024-02-23,2990
2774,payment,2024-02-01,2024-02-01,2990
2778,payment,2024-01-20,2024-01-20,2990
2782,payment,2024-02-01,2024-02-01,2990
2783,payment,2024-02-29,2024-02-29,4990
2785,payment,2024-01-18,2024-01-18,8990
2791,payment,2024-01-29,2024-01-29,4990
2793,payment,2024-03-15,2024-03-15,2990
2798,payment,2024-02-09,2024-02-09,4990
2803,payment,2024-02-12,2024-02-12,2990
2807,payment,2024-01-14,2024-01-14,2990
2808,payment,2024-01-28,2024-01-28,2990
2809,payment,2024-02-21,2024-02-21,2990
2816,payment,2024-01-28,2024-01-28,4990
2820,payment,2024-01-29,2024-01-29,2990
2825,payment,2024-02-05,2024-02-05,4990
2827,payment,2024-02-17,2024-02-17,4990
2838,payment,2024-02-02,2024-02-02,8990
2840,payment,2024-03-06,2024-03-06,4990
2843,payment,2024-02-08,2024-02-08,8990
2843,payment,2024-01-28,2024-01-28,8990
2853,payment,2024-02-02,2024-02-02,8990
2859,payment,2024-02-07,2024-02-07,4990
2877,payment,2024-01-25,2024-01-25,8990
2882,payment,2024-02-01,2024-02-01,2990
2887,payment,2024-01-19,2024-01-19,4990
2890,payment,2024-02-03,2024-02-03,2990
2895,payment,2024-01-14,2024-01-14,4990
2899,payment,2024-03-05,2024-03-05,8990
2908,payment,2024-02-06,2024-02-06,8990
2913,payment,2024-01-13,2024-01-13,4990
2916,payment,2024-02-21,2024-02-21,8990
2925,payment,2024-02-29,2024-02-29,2990
2935,payment,2024-01-22,2024-01-22,2990
2936,payment,2024-02-25,2024-02-25,8990
2941,payment,2024-03-17,2024-03-17,4990
2941,payment,2024-03-06,2024-03-06,4990
2941,payment,2024-03-14,2024-03-14,2990
2943,payment,2024-02-19,2024-02-19,8990
2945,payment,2024-03-07,2024-03-07,8990
2945,payment,2024-03-10,2024-03-10,2990
2947,payment,2024-03-09,2024-03-09,4990
2948,payment,2024-01-23,2024-01-23,8990
2953,payment,2024-01-23,2024-01-23,4990
2955,payment,2024-02-04,2024-02-04,4990
2958,payment,2024-01-29,2024-01-29,2990
2963,payment,2024-01-15,2024-01-15,4990
2967,payment,2024-02-01,2024-02-01,2990
2968,payment,2024-02-06,2024-02-06,8990
2969,payment,2024-02-09,2024-02-09,4990
2971,payment,2024-03-01,2024-03-01,2990
2974,payment,2024-02-18,2024-02-18,2990
2977,payment,2024-01-29,2024-01-29,4990
2978,payment,2024-02-11,2024-02-11,2990
2978,payment,2024-02-10,2024-02-10,8990
2978,payment,2024-02-18,2024-02-18,4990
2979,payment,2024-01-28,2024-01-28,8990
2979,payment,2024-01-31,2024-01-31,2990
2990,payment,2024-03-11,2024-03-11,8990
2991,payment,2024-02-12,2024-02-12,2990
2998,payment,2024-03-03,2024-03-03,2990
2998,payment,2024-03-06,2024-03-06,8990
3001,payment,2024-02-11,2024-02-11,4990
3010,payment,2024-03-10,2024-03-10,4990
3020,payment,2024-03-16,2024-03-16,4990
3021,payment,2024-02-12,2024-02-12,8990
3024,payment,2024-02-07,2024-02-07,8990
3030,payment,2024-01-08,2024-01-08,8990
3032,payment,2024-03-06,2024-03-06,8990
3037,payment,2024-02-20,2024-02-20,4990
3037,payment,2024-03-06,2024-03-06,4990
3040,payment,2024-02-07,2024-02-07,2990
3042,payment,2024-02-24,2024-02-24,8990
3052,payment,2024-01-17,2024-01-17,4990
3053,payment,2024-02-22,2024-02-22,4990
3061,payment,2024-02-19,2024-02-19,4990
3063,payment,2024-02-26,2024-02-26,4990
3067,payment,2024-03-10,2024-03-10,4990
3073,payment,2024-01-20,2024-01-20,4990
3082,payment,2024-01-29,2024-01-29,8990
3088,payment,2024-03-18,2024-03-18,2990
3091,payment,2024-02-11,2024-02-11,2990
3092,payment,2024-02-23,2024-02-23,8990
3093,payment,2024-02-04,2024-02-04,4990
3094,payment,2024-03-07,2024-03-07,8990
3095,payment,2024-03-11,2024-03-11,4990
3096,payment,2024-03-10,2024-03-10,4990
3099,payment,2024-02-02,2024-02-02,4990
3102,payment,2024-01-19,2024-01-19,4990
3104,payment,2024-02-08,2024-02-08,4990
3109,payment,2024-01-10,2024-01-10,8990
3112,payment,2024-02-24,2024-02-24,8990
3117,payment,2024-03-10,2024-03-10,2990
3118,payment,2024-01-09,2024-01-09,4990
3122,payment,2024-02-27,2024-02-27,8990
3123,payment,2024-01-20,2024-01-20,8990
3126,payment,2024-01-29,2024-01-29,4990
3128,payment,2024-01-17,2024-01-17,4990
3129,payment,2024-02-14,2024-02-14,8990
3133,payment,2024-02-01,2024-02-01,4990
3135,payment,2024-02-26,2024-02-26,8990
3135,payment,2024-02-28,2024-02-28,2990
3137,payment,2024-02-09,2024-02-09,4990
3141,payment,2024-03-26,2024-03-26,2990
3145,payment,2024-02-13,2024-02-13,2990
3150,payment,2024-02-02,2024-02-02,2990
3153,payment,2024-03-07,2024-03-07,4990
3156,payment,2024-02-03,2024-02-03,2990
3158,payment,2024-03-12,2024-03-12,8990
3159,payment,2024-01-29,2024-01-29,8990
3160,payment,2024-02-10,2024-02-10,4990
3160,payment,2024-02-13,2024-02-13,4990
3165,payment,2024-02-06,2024-02-06,2990
3169,payment,2024-01-31,2024-01-31,4990
3169,payment,2024-01-27,2024-01-27,8990
3171,payment,2024-03-01,2024-03-01,8990
3173,payment,2024-03-04,2024-03-04,8990
3173,payment,2024-03-07,2024-03-07,4990
3174,payment,2024-01-13,2024-01-13,8990
3196,payment,2024-02-22,2024-02-22,4990
3198,payment,2024-02-07,2024-02-07,2990
3205,payment,2024-01-19,2024-01-19,8990
3210,payment,2024-03-02,2024-03-02,2990
3210,payment,2024-03-05,2024-03-05,8990
3211,payment,2024-03-03,2024-03-03,8990
3224,payment,2024-02-28,2024-02-28,8990
3225,payment,2024-01-29,2024-01-29,2990
3226,payment,2024-02-21,2024-02-21,8990
3234,payment,2024-01-26,2024-01-26,2990
3235,payment,2024-01-20,2024-01-20,4990
3236,payment,2024-01-07,2024-01-07,8990
3236,payment,2024-01-18,2024-01-18,8990
3237,payment,2024-02-18,2024-02-18,2990
3239,payment,2024-02-04,2024-02-04,8990
3241,payment,2024-02-05,2024-02-05,4990
3243,payment,2024-02-10,2024-02-10,8990
3247,payment,2024-02-05,2024-02-05,4990
3248,payment,2024-02-25,2024-02-25,4990
3250,payment,2024-01-14,2024-01-14,8990
3251,payment,2024-03-01,2024-03-01,8990
3258,payment,2024-02-08,2024-02-08,4990
3259,payment,2024-03-19,2024-03-19,4990
3260,payment,2024-01-14,2024-01-14,4990
3264,payment,2024-01-30,2024-01-30,8990
3266,payment,2024-02-07,2024-02-07,2990
3271,payment,2024-02-12,2024-02-12,8990
3272,payment,2024-01-24,2024-01-24,2990
3275,payment,2024-01-12,2024-01-12,2990
3285,payment,2024-02-29,2024-02-29,8990
3285,payment,2024-03-16,2024-03-16,2990
3293,payment,2024-02-24,2024-02-24,4990
3293,payment,2024-02-11,2024-02-11,8990
3296,payment,2024-02-26,2024-02-26,2990
3296,payment,2024-02-13,2024-02-13,4990
3299,payment,2024-03-19,2024-03-19,2990
3299,payment,2024-03-07,2024-03-07,2990
3299,payment,2024-03-18,2024-03-18,4990
3301,payment,2024-02-26,2024-02-26,4990
3302,payment,2024-03-16,2024-03-16,8990
3303,payment,2024-02-16,2024-02-16,2990
3304,payment,2024-03-18,2024-03-18,8990
3306,payment,2024-02-16,2024-02-16,8990
3322,payment,2024-02-19,2024-02-19,2990
3330,payment,2024-01-28,2024-01-28,2990
3344,payment,2024-01-21,2024-01-21,8990
3347,payment,2024-03-02,2024-03-02,4990
3348,payment,2024-02-06,2024-02-06,8990
3349,payment,2024-01-31,2024-01-31,2990
3352,payment,2024-03-02,2024-03-02,4990
3368,payment,2024-02-01,2024-02-01,8990
3369,payment,2024-02-23,2024-02-23,2990
3371,payment,2024-03-15,2024-03-15,4990
3373,payment,2024-01-27,2024-01-27,4990
3375,payment,2024-01-29,2024-01-29,4990
3375,payment,2024-01-21,2024-01-21,2990
3377,payment,2024-01-21,2024-01-21,8990
3379,payment,2024-03-18,2024-03-18,2990
3379,payment,2024-03-10,2024-03-10,2990
3392,payment,2024-02-18,2024-02-18,4990
3394,payment,2024-03-13,2024-03-13,8990
3395,payment,2024-02-10,2024-02-10,4990
3395,payment,2024-02-08,2024-02-08,2990
3397,payment,2024-03-15,2024-03-15,4990
3403,payment,2024-03-14,2024-03-14,2990
3406,payment,2024-02-27,2024-02-27,2990
3410,payment,2024-03-04,2024-03-04,2990
3413,payment,2024-01-08,2024-01-08,4990
3415,payment,2024-02-20,2024-02-20,8990
3423,payment,2024-02-01,2024-02-01,4990
3426,payment,2024-02-07,2024-02-07,2990
3429,payment,2024-03-01,2024-03-01,4990
3432,payment,2024-01-25,2024-01-25,2990
3440,payment,2024-03-09,2024-03-09,8990
3441,payment,2024-03-17,2024-03-17,8990
3442,payment,2024-01-19,2024-01-19,2990
3444,payment,2024-02-17,2024-02-17,8990
3449,payment,2024-03-07,2024-03-07,2990
3454,payment,2024-01-30,2024-01-30,4990
3455,payment,2024-02-11,2024-02-11,4990
3460,payment,2024-01-09,2024-01-09,8990
3469,payment,2024-03-07,2024-03-07,8990
3471,payment,2024-03-28,2024-03-28,2990
3481,payment,2024-02-26,2024-02-26,8990
3483,payment,2024-03-07,2024-03-07,8990
3486,payment,2024-01-21,2024-01-21,8990
3491,payment,2024-01-27,2024-01-27,2990
3498,payment,2024-01-28,2024-01-28,4990
3501,payment,2024-03-20,2024-03-20,2990
3503,payment,2024-03-19,2024-03-19,2990
3517,payment,2024-03-06,2024-03-06,8990
3519,payment,2024-02-10,2024-02-10,4990
3522,payment,2024-02-22,2024-02-22,2990
3529,payment,2024-02-16,2024-02-16,8990
3534,payment,2024-03-12,2024-03-12,2990
3535,payment,2024-02-18,2024-02-18,8990
3555,payment,2024-03-15,2024-03-15,4990
3557,payment,2024-03-20,2024-03-20,4990
3558,payment,2024-02-28,2024-02-28,8990
3566,payment,2024-02-20,2024-02-20,2990
3572,payment,2024-03-09,2024-03-09,2990
3577,payment,2024-02-24,2024-02-24,4990
3578,payment,2024-02-29,2024-02-29,2990
3579,payment,2024-03-06,2024-03-06,8990
3585,payment,2024-03-22,2024-03-22,8990
3585,payment,2024-03-02,2024-03-02,8990
3586,payment,2024-02-02,2024-02-02,4990
3588,payment,2024-01-03,2024-01-03,4990
3589,payment,2024-02-20,2024-02-20,4990
3591,payment,2024-01-29,2024-01-29,8990
3592,payment,2024-01-31,2024-01-31,4990
3601,payment,2024-01-22,2024-01-22,8990
3603,payment,2024-03-08,2024-03-08,2990
3604,payment,2024-02-15,2024-02-15,4990
3605,payment,2024-02-25,2024-02-25,2990
3616,payment,2024-02-01,2024-02-01,2990
3616,payment,2024-02-03,2024-02-03,4990
3617,payment,2024-03-25,2024-03-25,4990
3619,payment,2024-02-07,2024-02-07,2990
3623,payment,2024-03-02,2024-03-02,2990
3626,payment,2024-02-27,2024-02-27,2990
3627,payment,2024-02-13,2024-02-13,8990
3640,payment,2024-03-11,2024-03-11,2990
3641,payment,2024-01-04,2024-01-04,8990
3641,payment,2024-01-31,2024-01-31,4990
3642,payment,2024-02-13,2024-02-13,2990
3646,payment,2024-02-22,2024-02-22,4990
3647,payment,2024-02-22,2024-02-22,2990
3647,payment,2024-02-07,2024-02-07,4990
3654,payment,2024-02-18,2024-02-18,2990
3657,payment,2024-03-07,2024-03-07,8990
3657,payment,2024-03-06,2024-03-06,4990
3660,payment,2024-03-08,2024-03-08,4990
3661,payment,2024-03-03,2024-03-03,2990
3668,payment,2024-02-06,2024-02-06,8990
3670,payment,2024-01-29,2024-01-29,8990
3670,payment,2024-01-25,2024-01-25,8990
3671,payment,2024-02-13,2024-02-13,2990
3672,payment,2024-01-26,2024-01-26,4990
3674,payment,2024-03-21,2024-03-21,2990
3675,payment,2024-03-06,2024-03-06,8990
3678,payment,2024-02-14,2024-02-14,8990
3680,payment,2024-02-25,2024-02-25,4990
3687,payment,2024-02-22,2024-02-22,2990
3695,payment,2024-03-26,2024-03-26,2990
3695,payment,2024-03-09,2024-03-09,8990
3698,payment,2024-02-29,2024-02-29,4990
3704,payment,2024-02-01,2024-02-01,4990
3715,payment,2024-03-04,2024-03-04,8990
3739,payment,2024-01-05,2024-01-05,2990
3741,payment,2024-03-12,2024-03-12,2990
3741,payment,2024-03-13,2024-03-13,4990
3743,payment,2024-01-31,2024-01-31,4990
3746,payment,2024-01-19,2024-01-19,8990
3747,payment,2024-03-11,2024-03-11,4990
3749,payment,2024-02-11,2024-02-11,2990
3755,payment,2024-02-27,2024-02-27,2990
3756,payment,2024-03-02,2024-03-02,4990
3761,payment,2024-02-26,2024-02-26,8990
3762,payment,2024-02-12,2024-02-12,2990
3765,payment,2024-01-29,2024-01-29,2990
3768,payment,2024-03-03,2024-03-03,8990
3774,payment,2024-02-20,2024-02-20,4990
3776,payment,2024-02-10,2024-02-10,2990
3776,payment,2024-02-13,2024-02-13,2990
3779,payment,2024-02-16,2024-02-16,8990
3787,payment,2024-03-08,2024-03-08,4990
3788,payment,2024-03-09,2024-03-09,8990
3790,payment,2024-03-26,2024-03-26,8990
3800,payment,2024-03-09,2024-03-09,4990
3807,payment,2024-03-12,2024-03-12,2990
3808,payment,2024-02-14,2024-02-14,8990
3809,payment,2024-01-19,2024-01-19,2990
3815,payment,2024-03-01,2024-03-01,2990
3820,payment,2024-03-13,2024-03-13,2990
3822,payment,2024-03-13,2024-03-13,2990
3830,payment,2024-03-15,2024-03-15,8990
3831,payment,2024-01-24,2024-01-24,4990
3838,payment,2024-02-07,2024-02-07,2990
3843,payment,2024-01-21,2024-01-21,2990
3845,payment,2024-02-06,2024-02-06,2990
3846,payment,2024-02-17,2024-02-17,4990
3846,payment,2024-03-06,2024-03-06,2990
3847,payment,2024-01-19,2024-01-19,4990
3849,payment,2024-02-28,2024-02-28,8990
3854,payment,2024-03-19,2024-03-19,4990
3855,payment,2024-03-05,2024-03-05,2990
3855,payment,2024-02-09,2024-02-09,8990
3862,payment,2024-02-19,2024-02-19,4990
3867,payment,2024-03-14,2024-03-14,2990
3872,payment,2024-03-29,2024-03-29,8990
3876,payment,2024-03-01,2024-03-01,8990
3879,payment,2024-03-17,2024-03-17,4990
3893,payment,2024-02-11,2024-02-11,2990
3894,payment,2024-02-01,2024-02-01,4990
3898,payment,2024-01-19,2024-01-19,8990
3901,payment,2024-02-11,2024-02-11,8990
3907,payment,2024-02-16,2024-02-16,2990
3909,payment,2024-03-12,2024-03-12,8990
3911,payment,2024-01-19,2024-01-19,2990
3912,payment,2024-02-05,2024-02-05,4990
3918,payment,2024-02-12,2024-02-12,8990
3927,payment,2024-02-18,2024-02-18,8990
3941,payment,2024-02-20,2024-02-20,2990
3949,payment,2024-03-03,2024-03-03,2990
3951,payment,2024-02-20,2024-02-20,4990
3954,payment,2024-02-16,2024-02-16,2990
3954,payment,2024-02-01,2024-02-01,8990
3957,payment,2024-01-29,2024-01-29,4990
3966,payment,2024-01-31,2024-01-31,4990
3969,payment,2024-01-27,2024-01-27,4990
3977,payment,2024-02-09,2024-02-09,2990
3979,payment,2024-01-31,2024-01-31,2990
3985,payment,2024-02-29,2024-02-29,8990
3995,payment,2024-02-15,2024-02-15,4990
3998,payment,2024-03-06,2024-03-06,4990
4005,payment,2024-02-06,2024-02-06,4990
4009,payment,2024-02-10,2024-02-10,8990
4016,payment,2024-01-24,2024-01-24,2990
4020,payment,2024-02-02,2024-02-02,4990
4027,payment,2024-01-19,2024-01-19,2990
4028,payment,2024-03-10,2024-03-10,2990
4032,payment,2024-01-27,2024-01-27,2990
4032,payment,2024-01-31,2024-01-31,2990
4033,payment,2024-01-21,2024-01-21,2990
4033,payment,2024-01-12,2024-01-12,8990
4036,payment,2024-03-11,2024-03-11,2990
4037,payment,2024-02-11,2024-02-11,4990
4039,payment,2024-02-17,2024-02-17,4990
4045,payment,2024-02-25,2024-02-25,4990
4049,payment,2024-03-05,2024-03-05,8990
4050,payment,2024-02-03,2024-02-03,2990
4052,payment,2024-02-29,2024-02-29,4990
4053,payment,2024-02-01,2024-02-01,4990
4057,payment,2024-02-13,2024-02-13,4990
4059,payment,2024-02-04,2024-02-04,2990
4060,payment,2024-02-01,2024-02-01,4990
4060,payment,2024-01-22,2024-01-22,2990
4060,payment,2024-01-28,2024-01-28,4990
4061,payment,2024-02-27,2024-02-27,4990
4061,payment,2024-02-21,2024-02-21,2990
4075,payment,2024-02-18,2024-02-18,4990
4076,payment,2024-03-13,2024-03-13,8990
4082,payment,2024-01-19,2024-01-19,2990
4087,payment,2024-02-01,2024-02-01,4990
4088,payment,2024-01-26,2024-01-26,8990
4094,payment,2024-02-06,2024-02-06,8990
4096,payment,2024-02-16,2024-02-16,2990
4101,payment,2024-02-06,2024-02-06,4990
4104,payment,2024-03-08,2024-03-08,2990
4105,payment,2024-02-11,2024-02-11,8990
4112,payment,2024-01-19,2024-01-19,8990
4114,payment,2024-02-13,2024-02-13,2990
4117,payment,2024-01-27,2024-01-27,2990
4118,payment,2024-02-04,2024-02-04,4990
4120,payment,2024-02-02,2024-02-02,8990
4121,payment,2024-02-01,2024-02-01,2990
4129,payment,2024-02-15,2024-02-15,8990
4130,payment,2024-03-07,2024-03-07,2990
4135,payment,2024-03-15,2024-03-15,4990
4136,payment,2024-01-17,2024-01-17,8990
4138,payment,2024-03-02,2024-03-02,4990
4154,payment,2024-01-16,2024-01-16,4990
4156,payment,2024-01-27,2024-01-27,8990
4159,payment,2024-01-28,2024-01-28,2990
4162,payment,2024-01-21,2024-01-21,4990
4163,payment,2024-01-24,2024-01-24,4990
4167,payment,2024-01-26,2024-01-26,8990
4168,payment,2024-03-16,2024-03-16,8990
4171,payment,2024-03-29,2024-03-29,8990
4172,payment,2024-02-05,2024-02-05,4990
4179,payment,2024-03-08,2024-03-08,2990
4188,payment,2024-02-21,2024-02-21,2990
4188,payment,2024-01-25,2024-01-25,8990
4192,payment,2024-02-16,2024-02-16,4990
4194,payment,2024-02-05,2024-02-05,4990
4199,payment,2024-03-16,2024-03-16,4990
4201,payment,2024-01-11,2024-01-11,8990
4205,payment,2024-02-18,2024-02-18,4990
4206,payment,2024-01-25,2024-01-25,4990
4219,payment,2024-01-30,2024-01-30,2990
4219,payment,2024-01-16,2024-01-16,8990
4222,payment,2024-03-15,2024-03-15,8990
4226,payment,2024-02-09,2024-02-09,8990
4226,payment,2024-02-05,2024-02-05,4990
4236,payment,2024-02-04,2024-02-04,4990
4243,payment,2024-03-12,2024-03-12,2990
4244,payment,2024-01-31,2024-01-31,8990
4245,payment,2024-02-13,2024-02-13,4990
4251,payment,2024-02-19,2024-02-19,2990
4253,payment,2024-03-25,2024-03-25,4990
4253,payment,2024-03-15,2024-03-15,4990
4254,payment,2024-03-08,2024-03-08,8990
4260,payment,2024-01-30,2024-01-30,8990
4267,payment,2024-01-10,2024-01-10,4990
4267,payment,2024-01-12,2024-01-12,4990
4269,payment,2024-01-28,2024-01-28,4990
4272,payment,2024-03-11,2024-03-11,4990
4273,payment,2024-02-08,2024-02-08,4990
4278,payment,2024-02-03,2024-02-03,8990
4279,payment,2024-01-06,2024-01-06,8990
4279,payment,2024-02-03,2024-02-03,4990
4281,payment,2024-01-18,2024-01-18,4990
4282,payment,2024-02-19,2024-02-19,8990
4284,payment,2024-02-07,2024-02-07,4990
4285,payment,2024-01-18,2024-01-18,8990
4292,payment,2024-03-11,2024-03-11,8990
4292,payment,2024-03-01,2024-03-01,8990
4294,payment,2024-03-07,2024-03-07,8990
4295,payment,2024-03-13,2024-03-13,2990
4298,payment,2024-02-10,2024-02-10,4990
4300,payment,2024-03-02,2024-03-02,4990
4303,payment,2024-02-13,2024-02-13,4990
4304,payment,2024-01-25,2024-01-25,8990
4304,payment,2024-02-13,2024-02-13,8990
4304,payment,2024-02-08,2024-02-08,8990
4307,payment,2024-02-06,2024-02-06,4990
4324,payment,2024-02-16,2024-02-16,8990
4325,payment,2024-02-15,2024-02-15,2990
4332,payment,2024-02-20,2024-02-20,4990
4333,payment,2024-01-12,2024-01-12,2990
4336,payment,2024-02-16,2024-02-16,2990
4339,payment,2024-01-19,2024-01-19,4990
4347,payment,2024-01-05,2024-01-05,2990
4348,payment,2024-03-13,2024-03-13,2990
4350,payment,2024-02-20,2024-02-20,8990
4353,payment,2024-02-24,2024-02-24,2990
4355,payment,2024-02-17,2024-02-17,8990
4357,payment,2024-03-06,2024-03-06,2990
4357,payment,2024-02-14,2024-02-14,4990
4358,payment,2024-02-18,2024-02-18,4990
4363,payment,2024-02-23,2024-02-23,4990
4367,payment,2024-02-03,2024-02-03,4990
4368,payment,2024-02-13,2024-02-13,8990
4377,payment,2024-02-20,2024-02-20,2990
4384,payment,2024-02-23,2024-02-23,2990
4384,payment,2024-03-09,2024-03-09,4990
4388,payment,2024-01-31,2024-01-31,8990
4391,payment,2024-02-09,2024-02-09,8990
4392,payment,2024-03-14,2024-03-14,4990
4396,payment,2024-01-23,2024-01-23,2990
4404,payment,2024-02-19,2024-02-19,4990
4409,payment,2024-01-08,2024-01-08,2990
4410,payment,2024-03-15,2024-03-15,4990
4412,payment,2024-03-09,2024-03-09,2990
4412,payment,2024-03-12,2024-03-12,8990
4418,payment,2024-01-31,2024-01-31,4990
4420,payment,2024-02-26,2024-02-26,2990
4422,payment,2024-01-20,2024-01-20,2990
4426,payment,2024-03-03,2024-03-03,2990
4432,payment,2024-03-19,2024-03-19,2990
4433,payment,2024-02-29,2024-02-29,8990
4436,payment,2024-01-25,2024-01-25,2990
4436,payment,2024-02-07,2024-02-07,8990
4437,payment,2024-01-25,2024-01-25,2990
4438,payment,2024-01-24,2024-01-24,8990
4439,payment,2024-02-11,2024-02-11,8990
4440,payment,2024-02-21,2024-02-21,2990
4440,payment,2024-02-26,2024-02-26,8990
4444,payment,2024-02-15,2024-02-15,4990
4444,payment,2024-02-04,2024-02-04,2990
4449,payment,2024-02-29,2024-02-29,4990
4451,payment,2024-02-08,2024-02-08,8990
4458,payment,2024-02-23,2024-02-23,8990
4461,payment,2024-01-06,2024-01-06,4990
4464,payment,2024-01-17,2024-01-17,2990
4467,payment,2024-02-12,2024-02-12,4990
4470,payment,2024-02-06,2024-02-06,8990
4476,payment,2024-01-24,2024-01-24,2990
4478,payment,2024-03-17,2024-03-17,4990
4484,payment,2024-02-04,2024-02-04,4990
4485,payment,2024-03-10,2024-03-10,2990
4487,payment,2024-02-03,2024-02-03,4990
4490,payment,2024-02-20,2024-02-20,2990
4492,payment,2024-01-27,2024-01-27,2990
4493,payment,2024-03-23,2024-03-23,4990
4495,payment,2024-01-25,2024-01-25,2990
4497,payment,2024-02-06,2024-02-06,2990
4507,payment,2024-01-28,2024-01-28,8990
4507,payment,2024-01-25,2024-01-25,8990
4507,payment,2024-02-12,2024-02-12,8990
4508,payment,2024-03-15,2024-03-15,4990
4511,payment,2024-02-12,2024-02-12,4990
4514,payment,2024-03-21,2024-03-21,4990
4516,payment,2024-03-02,2024-03-02,4990
4516,payment,2024-03-08,2024-03-08,2990
4521,payment,2024-02-19,2024-02-19,2990
4521,payment,2024-03-10,2024-03-10,8990
4523,payment,2024-02-27,2024-02-27,2990
4530,payment,2024-02-16,2024-02-16,4990
4536,payment,2024-03-18,2024-03-18,2990
4537,payment,2024-03-19,2024-03-19,8990
4537,payment,2024-03-27,2024-03-27,4990
4542,payment,2024-02-03,2024-02-03,2990
4547,payment,2024-03-03,2024-03-03,8990
4548,payment,2024-02-01,2024-02-01,2990
4556,payment,2024-01-25,2024-01-25,8990
4562,payment,2024-03-03,2024-03-03,8990
4569,payment,2024-02-25,2024-02-25,8990
4569,payment,2024-02-21,2024-02-21,4990
4571,payment,2024-02-03,2024-02-03,2990
4579,payment,2024-01-25,2024-01-25,2990
4587,payment,2024-03-24,2024-03-24,4990
4590,payment,2024-01-12,2024-01-12,4990
4592,payment,2024-03-04,2024-03-04,2990
4592,payment,2024-03-05,2024-03-05,4990
4597,payment,2024-03-05,2024-03-05,4990
4599,payment,2024-02-12,2024-02-12,2990
4599,payment,2024-02-23,2024-02-23,8990
4601,payment,2024-03-13,2024-03-13,4990
4602,payment,2024-03-18,2024-03-18,2990
4607,payment,2024-03-21,2024-03-21,2990
4613,payment,2024-02-21,2024-02-21,2990
4615,payment,2024-03-06,2024-03-06,4990
4616,payment,2024-02-24,2024-02-24,8990
4620,payment,2024-01-08,2024-01-08,8990
4633,payment,2024-03-02,2024-03-02,2990
4636,payment,2024-02-01,2024-02-01,4990
4641,payment,2024-02-23,2024-02-23,4990
4644,payment,2024-03-14,2024-03-14,8990
4645,payment,2024-03-02,2024-03-02,8990
4647,payment,2024-03-18,2024-03-18,4990
4651,payment,2024-02-21,2024-02-21,8990
4653,payment,2024-03-13,2024-03-13,2990
4653,payment,2024-03-19,2024-03-19,8990
4655,payment,2024-03-11,2024-03-11,4990
4658,payment,2024-03-12,2024-03-12,2990
4661,payment,2024-01-11,2024-01-11,4990
4662,payment,2024-02-20,2024-02-20,8990
4668,payment,2024-03-26,2024-03-26,8990
4669,payment,2024-02-10,2024-02-10,2990
4673,payment,2024-01-11,2024-01-11,2990
4674,payment,2024-02-26,2024-02-26,2990
4674,payment,2024-02-05,2024-02-05,2990
4676,payment,2024-03-10,2024-03-10,8990
4683,payment,2024-03-11,2024-03-11,4990
4686,payment,2024-02-10,2024-02-10,8990
4687,payment,2024-03-07,2024-03-07,8990
4688,payment,2024-02-16,2024-02-16,2990
4691,payment,2024-02-04,2024-02-04,2990
4692,payment,2024-01-23,2024-01-23,4990
4694,payment,2024-02-27,2024-02-27,4990
4694,payment,2024-03-06,2024-03-06,8990
4694,payment,2024-02-14,2024-02-14,4990
4701,payment,2024-02-02,2024-02-02,2990
4703,payment,2024-02-21,2024-02-21,2990
4706,payment,2024-02-26,2024-02-26,2990
4711,payment,2024-01-31,2024-01-31,8990
4717,payment,2024-02-22,2024-02-22,4990
4718,payment,2024-03-04,2024-03-04,2990
4725,payment,2024-03-12,2024-03-12,8990
4728,payment,2024-03-09,2024-03-09,8990
4729,payment,2024-02-25,2024-02-25,8990
4731,payment,2024-02-26,2024-02-26,4990
4734,payment,2024-02-22,2024-02-22,4990
4735,payment,2024-01-26,2024-01-26,4990
4736,payment,2024-02-19,2024-02-19,8990
4736,payment,2024-02-11,2024-02-11,8990
4739,payment,2024-02-09,2024-02-09,4990
4743,payment,2024-02-23,2024-02-23,2990
4744,payment,2024-03-08,2024-03-08,4990
4747,payment,2024-03-16,2024-03-16,8990
4751,payment,2024-02-24,2024-02-24,8990
4752,payment,2024-03-08,2024-03-08,8990
4753,payment,2024-03-11,2024-03-11,8990
4754,payment,2024-03-09,2024-03-09,8990
4764,payment,2024-01-24,2024-01-24,8990
4765,payment,2024-01-20,2024-01-20,4990
4765,payment,2024-01-25,2024-01-25,8990
4767,payment,2024-02-11,2024-02-11,8990
4768,payment,2024-02-28,2024-02-28,8990
4769,payment,2024-01-14,2024-01-14,8990
4770,payment,2024-01-21,2024-01-21,8990
4771,payment,2024-02-16,2024-02-16,2990
4776,payment,2024-02-26,2024-02-26,4990
4776,payment,2024-03-17,2024-03-17,4990
4781,payment,2024-01-26,2024-01-26,2990
4783,payment,2024-02-12,2024-02-12,2990
4785,payment,2024-02-21,2024-02-21,8990
4788,payment,2024-01-24,2024-01-24,4990
4788,payment,2024-01-25,2024-01-25,4990
4790,payment,2024-02-02,2024-02-02,2990
4792,payment,2024-01-29,2024-01-29,4990
4794,payment,2024-02-06,2024-02-06,4990
4797,payment,2024-02-21,2024-02-21,8990
4798,payment,2024-03-04,2024-03-04,8990
4802,payment,2024-02-26,2024-02-26,8990
4809,payment,2024-03-06,2024-03-06,4990
4810,payment,2024-02-12,2024-02-12,4990
4811,payment,2024-01-13,2024-01-13,8990
4811,payment,2024-01-08,2024-01-08,8990
4812,payment,2024-02-20,2024-02-20,4990
4815,payment,2024-01-25,2024-01-25,4990
4815,payment,2024-01-18,2024-01-18,2990
4815,payment,2024-01-17,2024-01-17,8990
4823,payment,2024-02-26,2024-02-26,8990
4828,payment,2024-01-08,2024-01-08,8990
4828,payment,2024-01-26,2024-01-26,4990
4830,payment,2024-02-29,2024-02-29,4990
4834,payment,2024-02-01,2024-02-01,2990
4835,payment,2024-02-11,2024-02-11,2990
4836,payment,2024-02-22,2024-02-22,8990
4841,payment,2024-03-05,2024-03-05,2990
4846,payment,2024-01-25,2024-01-25,4990
4851,payment,2024-02-27,2024-02-27,2990
4854,payment,2024-01-25,2024-01-25,2990
4855,payment,2024-03-23,2024-03-23,4990
4856,payment,2024-02-29,2024-02-29,8990
4858,payment,2024-02-01,2024-02-01,8990
4861,payment,2024-02-27,2024-02-27,2990
4861,payment,2024-03-05,2024-03-05,4990
4864,payment,2024-03-09,2024-03-09,4990
4868,payment,2024-01-24,2024-01-24,2990
4874,payment,2024-02-20,2024-02-20,8990
4878,payment,2024-01-31,2024-01-31,8990
4885,payment,2024-02-23,2024-02-23,8990
4888,payment,2024-03-02,2024-03-02,4990
4889,payment,2024-02-15,2024-02-15,4990
4892,payment,2024-02-28,2024-02-28,4990
4895,payment,2024-02-11,2024-02-11,8990
4896,payment,2024-02-08,2024-02-08,2990
4901,payment,2024-02-01,2024-02-01,4990
4903,payment,2024-02-14,2024-02-14,4990
4906,payment,2024-01-25,2024-01-25,2990
4911,payment,2024-01-22,2024-01-22,8990
4912,payment,2024-03-02,2024-03-02,4990
4914,payment,2024-01-23,2024-01-23,8990
4917,payment,2024-02-04,2024-02-04,4990
4921,payment,2024-03-02,2024-03-02,4990
4926,payment,2024-02-10,2024-02-10,2990
4927,payment,2024-01-21,2024-01-21,2990
4938,payment,2024-01-22,2024-01-22,2990
4940,payment,2024-03-02,2024-03-02,2990
4944,payment,2024-03-08,2024-03-08,8990
4955,payment,2024-02-25,2024-02-25,8990
4959,payment,2024-03-18,2024-03-18,8990
4967,payment,2024-02-19,2024-02-19,2990
4970,payment,2024-01-12,2024-01-12,4990
4972,payment,2024-02-09,2024-02-09,8990
4985,payment,2024-01-20,2024-01-20,2990
4990,payment,2024-03-04,2024-03-04,2990
